,date,time,open,high,low,close,tickvol,vol,spread,label,exit_index
0,2/01/2020,6:00:00 AM,1.12132,1.12143,1.12118,1.12122,381,0,2,-1,20.0
1,2/01/2020,6:30:00 AM,1.12122,1.12122,1.12008,1.12011,523,0,1,-1,21.0
2,2/01/2020,7:00:00 AM,1.12011,1.12033,1.12008,1.12017,402,0,2,-1,25.0
3,2/01/2020,7:30:00 AM,1.12017,1.12043,1.12011,1.12043,281,0,2,-1,21.0
4,2/01/2020,8:00:00 AM,1.12043,1.12069,1.12042,1.12053,429,0,1,-1,20.0
5,2/01/2020,8:30:00 AM,1.12053,1.12075,1.12037,1.12066,372,0,2,-1,20.0
6,2/01/2020,9:00:00 AM,1.12074,1.12099,1.12055,1.12063,877,0,1,-1,20.0
7,2/01/2020,9:30:00 AM,1.12064,1.12102,1.12043,1.12098,844,0,1,-1,20.0
8,2/01/2020,10:00:00 AM,1.12098,1.12136,1.12052,1.12073,1022,0,2,-1,20.0
9,2/01/2020,10:30:00 AM,1.12073,1.12124,1.1206,1.12118,811,0,1,-1,15.0
10,2/01/2020,11:00:00 AM,1.12118,1.1214,1.12092,1.12099,745,0,1,-1,20.0
11,2/01/2020,11:30:00 AM,1.12099,1.12111,1.12011,1.12029,737,0,1,-1,21.0
12,2/01/2020,12:00:00 PM,1.12029,1.12037,1.11928,1.11931,766,0,2,-1,54.0
13,2/01/2020,12:30:00 PM,1.11931,1.11995,1.11928,1.11982,764,0,1,-1,25.0
14,2/01/2020,1:00:00 PM,1.11981,1.12021,1.1194,1.11947,1010,0,1,-1,25.0
15,2/01/2020,1:30:00 PM,1.11947,1.11954,1.11842,1.11847,875,0,1,-1,55.0
16,2/01/2020,2:00:00 PM,1.11847,1.11923,1.1183,1.11916,858,0,1,-1,54.0
17,2/01/2020,2:30:00 PM,1.11916,1.11942,1.11899,1.11929,853,0,1,-1,54.0
18,2/01/2020,3:00:00 PM,1.11929,1.11968,1.11909,1.11953,894,0,1,-1,25.0
19,2/01/2020,3:30:00 PM,1.11953,1.11969,1.11895,1.11962,1020,0,1,-1,25.0
20,2/01/2020,4:00:00 PM,1.11961,1.11964,1.11766,1.11776,1198,0,1,-1,58.0
21,2/01/2020,4:30:00 PM,1.11773,1.118,1.117,1.11739,1502,0,1,-1,58.0
22,2/01/2020,5:00:00 PM,1.11739,1.1178,1.11709,1.11739,1395,0,1,-1,58.0
23,2/01/2020,5:30:00 PM,1.11739,1.12023,1.11724,1.12004,2199,0,1,-1,25.0
24,2/01/2020,6:00:00 PM,1.12004,1.1203,1.11828,1.11843,1756,0,1,-1,55.0
25,2/01/2020,6:30:00 PM,1.11844,1.11863,1.11651,1.11662,1202,0,1,-1,60.0
26,2/01/2020,7:00:00 PM,1.11662,1.11711,1.11635,1.11704,995,0,1,-1,59.0
27,2/01/2020,7:30:00 PM,1.11704,1.11717,1.11645,1.11698,811,0,2,-1,59.0
28,2/01/2020,8:00:00 PM,1.11698,1.11712,1.11636,1.11674,858,0,1,-1,59.0
29,2/01/2020,8:30:00 PM,1.11674,1.1172,1.11664,1.11701,566,0,2,-1,59.0
30,2/01/2020,9:00:00 PM,1.11701,1.11702,1.11675,1.11682,709,0,2,-1,59.0
31,2/01/2020,9:30:00 PM,1.11682,1.11682,1.11643,1.11662,729,0,1,-1,60.0
32,2/01/2020,10:00:00 PM,1.11662,1.11716,1.11659,1.1171,637,0,1,-1,59.0
33,2/01/2020,10:30:00 PM,1.1171,1.11712,1.11667,1.11692,708,0,1,-1,59.0
34,2/01/2020,11:00:00 PM,1.11692,1.11733,1.11689,1.11733,289,0,2,-1,59.0
35,2/01/2020,11:30:00 PM,1.11732,1.11732,1.1171,1.11722,386,0,2,-1,59.0
36,3/01/2020,12:00:00 AM,1.11722,1.11726,1.11683,1.11708,172,0,2,-1,59.0
37,3/01/2020,12:30:00 AM,1.11708,1.11727,1.11704,1.11712,147,0,6,-1,60.0
38,3/01/2020,1:00:00 AM,1.11708,1.11734,1.11708,1.11728,195,0,2,-1,59.0
39,3/01/2020,1:30:00 AM,1.11728,1.11733,1.11702,1.11708,153,0,1,-1,59.0
40,3/01/2020,2:00:00 AM,1.11708,1.11738,1.11697,1.11725,320,0,1,-1,59.0
41,3/01/2020,2:30:00 AM,1.11725,1.1176,1.11723,1.11754,189,0,2,-1,58.0
42,3/01/2020,3:00:00 AM,1.11754,1.11784,1.11745,1.1176,281,0,2,-1,58.0
43,3/01/2020,3:30:00 AM,1.1176,1.11769,1.11723,1.11736,669,0,2,-1,59.0
44,3/01/2020,4:00:00 AM,1.11736,1.1177,1.11733,1.11763,723,0,1,-1,58.0
45,3/01/2020,4:30:00 AM,1.11763,1.11774,1.11718,1.11725,843,0,1,-1,59.0
46,3/01/2020,5:00:00 AM,1.11725,1.11732,1.11696,1.11717,660,0,2,-1,59.0
47,3/01/2020,5:30:00 AM,1.11717,1.11736,1.11711,1.11721,414,0,2,-1,59.0
48,3/01/2020,6:00:00 AM,1.11719,1.11748,1.11718,1.11736,401,0,2,-1,59.0
49,3/01/2020,6:30:00 AM,1.11736,1.11742,1.11685,1.11699,331,0,2,-1,59.0
50,3/01/2020,7:00:00 AM,1.11699,1.11704,1.11644,1.11664,588,0,2,-1,60.0
51,3/01/2020,7:30:00 AM,1.11664,1.117,1.11656,1.11663,479,0,1,-1,60.0
52,3/01/2020,8:00:00 AM,1.11663,1.11682,1.11639,1.11674,595,0,1,-1,59.0
53,3/01/2020,8:30:00 AM,1.11674,1.11694,1.11672,1.1169,314,0,2,-1,59.0
54,3/01/2020,9:00:00 AM,1.1169,1.11714,1.11564,1.11585,1294,0,1,-1,62.0
55,3/01/2020,9:30:00 AM,1.11585,1.11601,1.1152,1.11531,1361,0,1,1,107.0
56,3/01/2020,10:00:00 AM,1.11531,1.11604,1.11519,1.11582,1448,0,1,-1,62.0
57,3/01/2020,10:30:00 AM,1.11582,1.11588,1.11506,1.11511,1207,0,1,1,105.0
58,3/01/2020,11:00:00 AM,1.11511,1.11522,1.1143,1.11469,1264,0,1,1,105.0
59,3/01/2020,11:30:00 AM,1.11469,1.11495,1.11399,1.114,1239,0,1,1,72.0
60,3/01/2020,12:00:00 PM,1.114,1.11434,1.11313,1.11347,1509,0,1,1,70.0
61,3/01/2020,12:30:00 PM,1.11347,1.11367,1.11306,1.11359,1069,0,1,1,70.0
62,3/01/2020,1:00:00 PM,1.11359,1.11359,1.11265,1.11296,1048,0,1,1,70.0
63,3/01/2020,1:30:00 PM,1.11296,1.11311,1.1125,1.11298,955,0,1,1,70.0
64,3/01/2020,2:00:00 PM,1.11298,1.11326,1.11281,1.11302,955,0,1,1,70.0
65,3/01/2020,2:30:00 PM,1.11302,1.11425,1.11298,1.1139,1043,0,1,1,72.0
66,3/01/2020,3:00:00 PM,1.1139,1.11487,1.11375,1.11457,1301,0,1,1,72.0
67,3/01/2020,3:30:00 PM,1.11457,1.11477,1.11372,1.11382,851,0,1,1,72.0
68,3/01/2020,4:00:00 PM,1.11382,1.11488,1.11353,1.11462,1086,0,1,1,72.0
69,3/01/2020,4:30:00 PM,1.11464,1.11541,1.1146,1.11522,1498,0,1,1,107.0
70,3/01/2020,5:00:00 PM,1.11522,1.11671,1.11522,1.11629,2436,0,1,1,107.0
71,3/01/2020,5:30:00 PM,1.11629,1.11673,1.1156,1.11634,1483,0,1,1,107.0
72,3/01/2020,6:00:00 PM,1.11634,1.11744,1.11624,1.11735,1210,0,1,1,110.0
73,3/01/2020,6:30:00 PM,1.11735,1.11797,1.11711,1.11719,1177,0,1,1,110.0
74,3/01/2020,7:00:00 PM,1.1172,1.1174,1.11708,1.11727,772,0,1,1,110.0
75,3/01/2020,7:30:00 PM,1.11727,1.11736,1.11677,1.1172,576,0,1,1,110.0
76,3/01/2020,8:00:00 PM,1.1172,1.11732,1.11697,1.117,582,0,2,1,110.0
77,3/01/2020,8:30:00 PM,1.117,1.11715,1.1166,1.11665,1158,0,1,1,108.0
78,3/01/2020,9:00:00 PM,1.11665,1.1168,1.11612,1.11628,1105,0,1,1,107.0
79,3/01/2020,9:30:00 PM,1.11628,1.11676,1.11615,1.11673,775,0,2,1,108.0
80,3/01/2020,10:00:00 PM,1.11673,1.11673,1.11615,1.11617,531,0,2,1,107.0
81,3/01/2020,10:30:00 PM,1.11615,1.11619,1.116,1.11614,442,0,1,1,107.0
82,3/01/2020,11:00:00 PM,1.11614,1.11619,1.11578,1.11599,327,0,2,1,107.0
83,3/01/2020,11:30:00 PM,1.11599,1.116,1.1152,1.11558,273,0,3,1,107.0
84,6/01/2020,12:00:00 AM,1.11646,1.11661,1.11582,1.11594,227,0,3,1,107.0
85,6/01/2020,12:30:00 AM,1.11594,1.11614,1.11591,1.11592,174,0,4,1,107.0
86,6/01/2020,1:00:00 AM,1.11592,1.11675,1.11592,1.11673,635,0,1,1,108.0
87,6/01/2020,1:30:00 AM,1.11673,1.11675,1.11603,1.11603,899,0,1,1,107.0
88,6/01/2020,2:00:00 AM,1.11603,1.1168,1.116,1.1167,774,0,1,1,108.0
89,6/01/2020,2:30:00 AM,1.1167,1.11682,1.11628,1.11635,637,0,1,1,107.0
90,6/01/2020,3:00:00 AM,1.11635,1.11653,1.11618,1.11634,597,0,2,1,107.0
91,6/01/2020,3:30:00 AM,1.11633,1.11638,1.11612,1.11627,487,0,2,1,107.0
92,6/01/2020,4:00:00 AM,1.11627,1.11665,1.11622,1.11664,398,0,2,1,108.0
93,6/01/2020,4:30:00 AM,1.11664,1.1167,1.11643,1.11653,317,0,2,1,108.0
94,6/01/2020,5:00:00 AM,1.11653,1.11707,1.11652,1.11703,374,0,1,1,110.0
95,6/01/2020,5:30:00 AM,1.11703,1.11709,1.11657,1.11658,564,0,1,1,107.0
96,6/01/2020,6:00:00 AM,1.11658,1.11662,1.11624,1.11633,493,0,1,1,107.0
97,6/01/2020,6:30:00 AM,1.11633,1.11643,1.11616,1.11642,309,0,2,1,107.0
98,6/01/2020,7:00:00 AM,1.11642,1.1165,1.11637,1.11643,293,0,3,1,108.0
99,6/01/2020,7:30:00 AM,1.11643,1.11647,1.11605,1.11623,317,0,2,1,107.0
100,6/01/2020,8:00:00 AM,1.11623,1.11625,1.11571,1.11603,474,0,1,1,107.0
101,6/01/2020,8:30:00 AM,1.11603,1.11614,1.11574,1.11606,429,0,2,1,107.0
102,6/01/2020,9:00:00 AM,1.11603,1.1165,1.11595,1.11628,935,0,1,1,107.0
103,6/01/2020,9:30:00 AM,1.11627,1.11666,1.11615,1.11644,909,0,1,1,107.0
104,6/01/2020,10:00:00 AM,1.11647,1.11697,1.1163,1.11665,1169,0,1,1,108.0
105,6/01/2020,10:30:00 AM,1.11665,1.11798,1.11653,1.11785,1129,0,1,-1,165.0
106,6/01/2020,11:00:00 AM,1.11785,1.11814,1.11752,1.1179,977,0,1,-1,165.0
107,6/01/2020,11:30:00 AM,1.11789,1.11936,1.11785,1.11932,1143,0,1,-1,156.0
108,6/01/2020,12:00:00 PM,1.11932,1.11995,1.11899,1.11961,1044,0,1,-1,156.0
109,6/01/2020,12:30:00 PM,1.11961,1.11982,1.11924,1.11961,785,0,2,-1,156.0
110,6/01/2020,1:00:00 PM,1.11961,1.12052,1.11961,1.12024,1158,0,1,-1,151.0
111,6/01/2020,1:30:00 PM,1.12024,1.12054,1.12009,1.12032,803,0,1,-1,151.0
112,6/01/2020,2:00:00 PM,1.12032,1.12042,1.11958,1.1198,666,0,1,-1,156.0
113,6/01/2020,2:30:00 PM,1.1198,1.11997,1.11952,1.1198,596,0,1,-1,156.0
114,6/01/2020,3:00:00 PM,1.1198,1.12001,1.11912,1.11957,953,0,1,-1,156.0
115,6/01/2020,3:30:00 PM,1.11959,1.12032,1.11949,1.11977,956,0,1,-1,156.0
116,6/01/2020,4:00:00 PM,1.11976,1.12002,1.11929,1.11946,861,0,1,-1,156.0
117,6/01/2020,4:30:00 PM,1.11946,1.11962,1.11826,1.11831,1174,0,1,-1,163.0
118,6/01/2020,5:00:00 PM,1.11831,1.11881,1.11826,1.11875,1020,0,1,-1,163.0
119,6/01/2020,5:30:00 PM,1.11876,1.11901,1.11821,1.11885,1502,0,1,-1,163.0
120,6/01/2020,6:00:00 PM,1.11885,1.11896,1.11809,1.11857,1081,0,1,-1,163.0
121,6/01/2020,6:30:00 PM,1.11857,1.11878,1.11846,1.11872,868,0,1,-1,163.0
122,6/01/2020,7:00:00 PM,1.11872,1.1196,1.11842,1.11929,705,0,2,-1,163.0
123,6/01/2020,7:30:00 PM,1.11929,1.1195,1.11906,1.11949,470,0,1,-1,156.0
124,6/01/2020,8:00:00 PM,1.11949,1.11966,1.11931,1.11955,580,0,2,-1,156.0
125,6/01/2020,8:30:00 PM,1.11955,1.11978,1.11917,1.11919,480,0,2,-1,163.0
126,6/01/2020,9:00:00 PM,1.11919,1.11928,1.11901,1.1192,344,0,1,-1,163.0
127,6/01/2020,9:30:00 PM,1.1192,1.11922,1.1188,1.11912,418,0,2,-1,163.0
128,6/01/2020,10:00:00 PM,1.11912,1.11917,1.1189,1.11902,388,0,2,-1,163.0
129,6/01/2020,10:30:00 PM,1.11901,1.11937,1.11893,1.11937,433,0,1,-1,156.0
130,6/01/2020,11:00:00 PM,1.11934,1.11955,1.11928,1.11946,203,0,2,-1,156.0
131,6/01/2020,11:30:00 PM,1.11946,1.11989,1.11946,1.11968,300,0,1,-1,156.0
132,7/01/2020,12:00:00 AM,1.1196,1.1196,1.11932,1.11946,197,0,2,-1,156.0
133,7/01/2020,12:30:00 AM,1.11946,1.11965,1.11945,1.11952,140,0,2,-1,156.0
134,7/01/2020,1:00:00 AM,1.11952,1.11975,1.11947,1.11951,327,0,2,-1,156.0
135,7/01/2020,1:30:00 AM,1.11951,1.11962,1.1194,1.11953,436,0,2,-1,156.0
136,7/01/2020,2:00:00 AM,1.11952,1.11955,1.1193,1.11936,453,0,2,-1,163.0
137,7/01/2020,2:30:00 AM,1.11936,1.11936,1.11891,1.11897,411,0,1,-1,163.0
138,7/01/2020,3:00:00 AM,1.11897,1.11971,1.11896,1.11965,467,0,2,-1,156.0
139,7/01/2020,3:30:00 AM,1.11965,1.11969,1.11933,1.11934,451,0,1,-1,156.0
140,7/01/2020,4:00:00 AM,1.11934,1.11934,1.11914,1.11918,270,0,2,-1,163.0
141,7/01/2020,4:30:00 AM,1.11918,1.11923,1.11909,1.11914,156,0,3,-1,163.0
142,7/01/2020,5:00:00 AM,1.11914,1.11943,1.11911,1.1193,272,0,2,-1,163.0
143,7/01/2020,5:30:00 AM,1.1193,1.11944,1.1192,1.11922,275,0,2,-1,163.0
144,7/01/2020,6:00:00 AM,1.11922,1.11934,1.11911,1.1193,328,0,2,-1,163.0
145,7/01/2020,6:30:00 AM,1.11929,1.11933,1.11905,1.11908,259,0,1,-1,163.0
146,7/01/2020,7:00:00 AM,1.11908,1.11924,1.11901,1.11913,226,0,2,-1,163.0
147,7/01/2020,7:30:00 AM,1.11913,1.11918,1.11828,1.11829,336,0,1,-1,165.0
148,7/01/2020,8:00:00 AM,1.11829,1.11885,1.11808,1.11852,839,0,1,-1,163.0
149,7/01/2020,8:30:00 AM,1.11852,1.11896,1.1181,1.11815,795,0,1,-1,165.0
150,7/01/2020,9:00:00 AM,1.11817,1.11853,1.11782,1.11815,1068,0,1,-1,165.0
151,7/01/2020,9:30:00 AM,1.11814,1.11815,1.11729,1.1174,1257,0,1,-1,166.0
152,7/01/2020,10:00:00 AM,1.1174,1.11808,1.11725,1.11804,1226,0,2,-1,165.0
153,7/01/2020,10:30:00 AM,1.11805,1.11875,1.11802,1.11845,1357,0,1,-1,163.0
154,7/01/2020,11:00:00 AM,1.11845,1.11896,1.11808,1.1183,1053,0,2,-1,165.0
155,7/01/2020,11:30:00 AM,1.11828,1.11845,1.11804,1.11844,879,0,2,-1,163.0
156,7/01/2020,12:00:00 PM,1.11843,1.1186,1.11647,1.1166,1311,0,1,-1,168.0
157,7/01/2020,12:30:00 PM,1.11662,1.11766,1.11661,1.11762,924,0,1,-1,165.0
158,7/01/2020,1:00:00 PM,1.11762,1.11792,1.1172,1.11787,940,0,2,-1,165.0
159,7/01/2020,1:30:00 PM,1.11787,1.11849,1.11763,1.11817,936,0,1,-1,165.0
160,7/01/2020,2:00:00 PM,1.11817,1.11832,1.11771,1.11795,940,0,1,-1,165.0
161,7/01/2020,2:30:00 PM,1.11795,1.11805,1.11711,1.11747,951,0,1,-1,165.0
162,7/01/2020,3:00:00 PM,1.11746,1.11779,1.11676,1.11737,1415,0,1,-1,166.0
163,7/01/2020,3:30:00 PM,1.11737,1.11737,1.11547,1.11561,1394,0,1,-1,205.0
164,7/01/2020,4:00:00 PM,1.1156,1.11622,1.1155,1.11576,1041,0,1,-1,205.0
165,7/01/2020,4:30:00 PM,1.11576,1.11598,1.11464,1.11476,1621,0,1,-1,209.0
166,7/01/2020,5:00:00 PM,1.11457,1.11517,1.11377,1.11397,1885,0,1,-1,216.0
167,7/01/2020,5:30:00 PM,1.11397,1.11426,1.11342,1.11416,1689,0,1,-1,216.0
168,7/01/2020,6:00:00 PM,1.11416,1.1144,1.11335,1.11384,1171,0,1,-1,216.0
169,7/01/2020,6:30:00 PM,1.11385,1.11392,1.11341,1.1137,718,0,1,-1,227.0
170,7/01/2020,7:00:00 PM,1.11368,1.1146,1.11367,1.1144,765,0,1,-1,209.0
171,7/01/2020,7:30:00 PM,1.1144,1.11471,1.11417,1.11424,770,0,1,-1,210.0
172,7/01/2020,8:00:00 PM,1.11424,1.11495,1.11413,1.11489,554,0,2,-1,209.0
173,7/01/2020,8:30:00 PM,1.11489,1.11492,1.11433,1.11435,388,0,1,-1,210.0
174,7/01/2020,9:00:00 PM,1.11435,1.11442,1.11417,1.11432,665,0,2,-1,210.0
175,7/01/2020,9:30:00 PM,1.11432,1.11448,1.11419,1.11444,577,0,1,-1,209.0
176,7/01/2020,10:00:00 PM,1.11444,1.11475,1.11444,1.11464,414,0,1,-1,209.0
177,7/01/2020,10:30:00 PM,1.11464,1.11464,1.11421,1.11437,383,0,2,-1,210.0
178,7/01/2020,11:00:00 PM,1.11437,1.11464,1.11437,1.11456,273,0,2,-1,209.0
179,7/01/2020,11:30:00 PM,1.11456,1.11536,1.1145,1.11526,706,0,2,-1,209.0
180,8/01/2020,12:00:00 AM,1.11529,1.11536,1.11476,1.11488,387,0,2,-1,209.0
181,8/01/2020,12:30:00 AM,1.11488,1.11494,1.11439,1.11473,517,0,4,-1,209.0
182,8/01/2020,1:00:00 AM,1.11473,1.11539,1.1146,1.11522,676,0,1,-1,208.0
183,8/01/2020,1:30:00 AM,1.11522,1.11543,1.11475,1.11538,1030,0,1,-1,208.0
184,8/01/2020,2:00:00 AM,1.11537,1.11681,1.11524,1.11624,2424,0,1,-1,201.0
185,8/01/2020,2:30:00 AM,1.11624,1.11654,1.11585,1.11585,1681,0,1,-1,204.0
186,8/01/2020,3:00:00 AM,1.11585,1.11631,1.11584,1.11589,1483,0,2,-1,204.0
187,8/01/2020,3:30:00 AM,1.11589,1.11625,1.11548,1.11556,1392,0,1,-1,205.0
188,8/01/2020,4:00:00 AM,1.11556,1.1157,1.11539,1.11551,1137,0,1,-1,205.0
189,8/01/2020,4:30:00 AM,1.11551,1.11613,1.1153,1.11586,1272,0,1,-1,204.0
190,8/01/2020,5:00:00 AM,1.11585,1.11591,1.11564,1.1157,938,0,2,-1,205.0
191,8/01/2020,5:30:00 AM,1.1157,1.11581,1.11535,1.11546,544,0,2,-1,208.0
192,8/01/2020,6:00:00 AM,1.11546,1.11557,1.11505,1.11505,411,0,2,-1,209.0
193,8/01/2020,6:30:00 AM,1.11505,1.11506,1.11451,1.11476,414,0,1,-1,209.0
194,8/01/2020,7:00:00 AM,1.11476,1.11497,1.11472,1.11492,676,0,2,-1,209.0
195,8/01/2020,7:30:00 AM,1.11492,1.11512,1.11478,1.1149,547,0,2,-1,209.0
196,8/01/2020,8:00:00 AM,1.11489,1.11538,1.11484,1.11528,567,0,2,-1,208.0
197,8/01/2020,8:30:00 AM,1.1153,1.11533,1.11485,1.115,727,0,2,-1,209.0
198,8/01/2020,9:00:00 AM,1.115,1.11547,1.11446,1.11452,1479,0,1,-1,209.0
199,8/01/2020,9:30:00 AM,1.11452,1.11548,1.11431,1.11511,1455,0,1,-1,209.0
200,8/01/2020,10:00:00 AM,1.11511,1.11532,1.1131,1.11373,2111,0,1,-1,226.0
201,8/01/2020,10:30:00 AM,1.11373,1.11373,1.11301,1.11351,1524,0,1,-1,227.0
202,8/01/2020,11:00:00 AM,1.11348,1.11354,1.11253,1.1135,1304,0,1,-1,227.0
203,8/01/2020,11:30:00 AM,1.1135,1.11447,1.11341,1.11384,1122,0,1,-1,216.0
204,8/01/2020,12:00:00 PM,1.11382,1.11385,1.113,1.11307,1267,0,1,-1,251.0
205,8/01/2020,12:30:00 PM,1.11307,1.11328,1.11253,1.11273,958,0,1,-1,251.0
206,8/01/2020,1:00:00 PM,1.11273,1.11309,1.11197,1.11286,1017,0,1,-1,251.0
207,8/01/2020,1:30:00 PM,1.11286,1.1131,1.11246,1.11272,1070,0,1,-1,251.0
208,8/01/2020,2:00:00 PM,1.11271,1.11309,1.1122,1.11247,977,0,1,-1,298.0
209,8/01/2020,2:30:00 PM,1.11247,1.11262,1.11137,1.11166,1271,0,1,1,446.0
210,8/01/2020,3:00:00 PM,1.11166,1.11193,1.1111,1.11147,1735,0,1,1,360.0
211,8/01/2020,3:30:00 PM,1.11147,1.11222,1.11145,1.11199,1059,0,1,-1,301.0
212,8/01/2020,4:00:00 PM,1.11199,1.11247,1.11174,1.11247,975,0,1,-1,298.0
213,8/01/2020,4:30:00 PM,1.11247,1.11268,1.11175,1.11245,1211,0,1,-1,298.0
214,8/01/2020,5:00:00 PM,1.11243,1.11308,1.11223,1.11238,1197,0,1,-1,298.0
215,8/01/2020,5:30:00 PM,1.11237,1.11239,1.11152,1.11197,1390,0,1,-1,301.0
216,8/01/2020,6:00:00 PM,1.11197,1.11201,1.11086,1.11113,1025,0,1,1,360.0
217,8/01/2020,6:30:00 PM,1.11113,1.11179,1.11101,1.11162,2357,0,1,1,360.0
218,8/01/2020,7:00:00 PM,1.11164,1.11258,1.11155,1.11207,1613,0,1,-1,301.0
219,8/01/2020,7:30:00 PM,1.11207,1.11217,1.11132,1.11179,873,0,1,1,446.0
220,8/01/2020,8:00:00 PM,1.11178,1.11178,1.11104,1.11146,1046,0,1,1,360.0
221,8/01/2020,8:30:00 PM,1.11146,1.11157,1.11106,1.11131,540,0,2,1,360.0
222,8/01/2020,9:00:00 PM,1.11131,1.1114,1.11082,1.11102,436,0,2,1,360.0
223,8/01/2020,9:30:00 PM,1.11102,1.11127,1.11098,1.1111,533,0,2,1,360.0
224,8/01/2020,10:00:00 PM,1.11112,1.11119,1.11098,1.11113,397,0,1,1,360.0
225,8/01/2020,10:30:00 PM,1.11113,1.11147,1.11104,1.11118,1057,0,2,1,360.0
226,8/01/2020,11:00:00 PM,1.11118,1.11126,1.11083,1.11093,330,0,2,1,360.0
227,8/01/2020,11:30:00 PM,1.11093,1.11093,1.11016,1.11053,467,0,2,1,360.0
228,9/01/2020,12:00:00 AM,1.11053,1.11132,1.11033,1.11105,375,0,2,1,360.0
229,9/01/2020,12:30:00 AM,1.11099,1.11131,1.11086,1.11095,195,0,5,1,360.0
230,9/01/2020,1:00:00 AM,1.11097,1.11104,1.11072,1.11102,181,0,2,1,360.0
231,9/01/2020,1:30:00 AM,1.11102,1.11129,1.11097,1.11129,186,0,2,1,360.0
232,9/01/2020,2:00:00 AM,1.11129,1.11143,1.11092,1.11133,828,0,1,1,360.0
233,9/01/2020,2:30:00 AM,1.11133,1.11157,1.11122,1.11132,504,0,2,1,360.0
234,9/01/2020,3:00:00 AM,1.11132,1.11149,1.11111,1.11133,524,0,2,1,360.0
235,9/01/2020,3:30:00 AM,1.11133,1.11193,1.11131,1.11173,687,0,2,1,446.0
236,9/01/2020,4:00:00 AM,1.11173,1.11189,1.11152,1.1116,404,0,3,1,446.0
237,9/01/2020,4:30:00 AM,1.1116,1.11173,1.11145,1.11152,311,0,2,1,360.0
238,9/01/2020,5:00:00 AM,1.11152,1.11161,1.11141,1.11159,337,0,1,1,360.0
239,9/01/2020,5:30:00 AM,1.11159,1.11178,1.11152,1.11153,215,0,2,1,360.0
240,9/01/2020,6:00:00 AM,1.11152,1.11157,1.11126,1.11136,179,0,2,1,360.0
241,9/01/2020,6:30:00 AM,1.11136,1.11157,1.11132,1.11153,232,0,2,1,360.0
242,9/01/2020,7:00:00 AM,1.11153,1.1117,1.1115,1.11167,262,0,2,1,446.0
243,9/01/2020,7:30:00 AM,1.11167,1.11189,1.11161,1.11182,296,0,1,1,446.0
244,9/01/2020,8:00:00 AM,1.11181,1.11189,1.11146,1.11147,424,0,3,1,446.0
245,9/01/2020,8:30:00 AM,1.11147,1.11156,1.1111,1.11122,751,0,1,1,360.0
246,9/01/2020,9:00:00 AM,1.11122,1.11164,1.11111,1.11155,923,0,1,1,360.0
247,9/01/2020,9:30:00 AM,1.11155,1.11203,1.11131,1.11152,1069,0,2,1,360.0
248,9/01/2020,10:00:00 AM,1.11151,1.11162,1.11051,1.11116,1182,0,1,1,360.0
249,9/01/2020,10:30:00 AM,1.11116,1.11176,1.11106,1.11172,868,0,2,1,446.0
250,9/01/2020,11:00:00 AM,1.11172,1.1119,1.11103,1.11105,1189,0,1,1,360.0
251,9/01/2020,11:30:00 AM,1.11104,1.11111,1.10983,1.10993,1578,0,1,1,335.0
252,9/01/2020,12:00:00 PM,1.10994,1.11039,1.10965,1.11037,947,0,1,1,359.0
253,9/01/2020,12:30:00 PM,1.11037,1.11116,1.1103,1.11095,868,0,1,1,360.0
254,9/01/2020,1:00:00 PM,1.11095,1.11126,1.11083,1.11099,772,0,1,1,360.0
255,9/01/2020,1:30:00 PM,1.111,1.11107,1.11034,1.11046,576,0,1,1,359.0
256,9/01/2020,2:00:00 PM,1.11046,1.11127,1.11033,1.1111,999,0,1,1,360.0
257,9/01/2020,2:30:00 PM,1.1111,1.11166,1.11106,1.11135,1065,0,1,1,360.0
258,9/01/2020,3:00:00 PM,1.11135,1.11143,1.11059,1.11115,1151,0,1,1,360.0
259,9/01/2020,3:30:00 PM,1.11115,1.11173,1.11109,1.11148,1028,0,1,1,360.0
260,9/01/2020,4:00:00 PM,1.11149,1.11149,1.11038,1.11062,954,0,1,1,360.0
261,9/01/2020,4:30:00 PM,1.11062,1.11101,1.11046,1.11083,950,0,1,1,360.0
262,9/01/2020,5:00:00 PM,1.11082,1.11106,1.11023,1.11062,934,0,1,1,360.0
263,9/01/2020,5:30:00 PM,1.11063,1.11063,1.10923,1.11022,1559,0,1,1,339.0
264,9/01/2020,6:00:00 PM,1.11023,1.11024,1.10935,1.10979,983,0,1,1,314.0
265,9/01/2020,6:30:00 PM,1.10979,1.1106,1.10976,1.11059,883,0,1,1,359.0
266,9/01/2020,7:00:00 PM,1.11059,1.11095,1.11037,1.11091,712,0,1,1,360.0
267,9/01/2020,7:30:00 PM,1.11091,1.11112,1.11046,1.11046,493,0,2,1,359.0
268,9/01/2020,8:00:00 PM,1.11046,1.11087,1.11034,1.11071,752,0,1,1,360.0
269,9/01/2020,8:30:00 PM,1.11071,1.11082,1.11046,1.1105,693,0,2,1,359.0
270,9/01/2020,9:00:00 PM,1.1105,1.11097,1.11049,1.11088,335,0,1,1,360.0
271,9/01/2020,9:30:00 PM,1.11087,1.11094,1.11058,1.11059,337,0,2,1,360.0
272,9/01/2020,10:00:00 PM,1.11059,1.11073,1.11049,1.11054,420,0,2,1,360.0
273,9/01/2020,10:30:00 PM,1.11054,1.11065,1.11038,1.11062,409,0,1,1,360.0
274,9/01/2020,11:00:00 PM,1.11062,1.11068,1.11033,1.11037,212,0,1,1,359.0
275,9/01/2020,11:30:00 PM,1.11037,1.11069,1.11037,1.11051,292,0,2,1,359.0
276,10/01/2020,12:00:00 AM,1.11051,1.11064,1.11017,1.11049,368,0,4,1,360.0
277,10/01/2020,12:30:00 AM,1.11049,1.11065,1.11038,1.11064,164,0,5,1,360.0
278,10/01/2020,1:00:00 AM,1.11064,1.11076,1.11064,1.1107,194,0,1,1,360.0
279,10/01/2020,1:30:00 AM,1.11069,1.11092,1.11062,1.11092,206,0,2,1,360.0
280,10/01/2020,2:00:00 AM,1.11092,1.11093,1.11066,1.11069,307,0,1,1,360.0
281,10/01/2020,2:30:00 AM,1.11069,1.11091,1.11061,1.1107,558,0,1,1,360.0
282,10/01/2020,3:00:00 AM,1.1107,1.11071,1.11055,1.11062,312,0,3,1,360.0
283,10/01/2020,3:30:00 AM,1.11062,1.11072,1.11021,1.11041,339,0,2,1,359.0
284,10/01/2020,4:00:00 AM,1.11041,1.11052,1.11035,1.11042,397,0,1,1,359.0
285,10/01/2020,4:30:00 AM,1.11042,1.11082,1.11035,1.11079,245,0,2,1,360.0
286,10/01/2020,5:00:00 AM,1.11079,1.11086,1.11071,1.11071,208,0,2,1,360.0
287,10/01/2020,5:30:00 AM,1.11071,1.11082,1.1107,1.11081,214,0,3,1,360.0
288,10/01/2020,6:00:00 AM,1.11081,1.11089,1.11064,1.11085,290,0,2,1,360.0
289,10/01/2020,6:30:00 AM,1.11085,1.1111,1.1107,1.11074,166,0,1,1,360.0
290,10/01/2020,7:00:00 AM,1.11074,1.1109,1.11071,1.1109,218,0,1,1,360.0
291,10/01/2020,7:30:00 AM,1.1109,1.111,1.11079,1.11089,270,0,2,1,360.0
292,10/01/2020,8:00:00 AM,1.11089,1.111,1.11075,1.11083,221,0,3,1,360.0
293,10/01/2020,8:30:00 AM,1.11083,1.11091,1.11067,1.11091,270,0,2,1,360.0
294,10/01/2020,9:00:00 AM,1.11091,1.1111,1.11079,1.11089,498,0,1,1,360.0
295,10/01/2020,9:30:00 AM,1.11089,1.11089,1.11042,1.1107,602,0,1,1,360.0
296,10/01/2020,10:00:00 AM,1.11069,1.11091,1.11011,1.11015,931,0,1,1,339.0
297,10/01/2020,10:30:00 AM,1.11015,1.1102,1.10935,1.10994,887,0,1,1,335.0
298,10/01/2020,11:00:00 AM,1.10994,1.10994,1.10912,1.10944,962,0,1,1,314.0
299,10/01/2020,11:30:00 AM,1.10944,1.11001,1.10938,1.10964,885,0,1,1,314.0
300,10/01/2020,12:00:00 PM,1.10963,1.10984,1.10949,1.10972,634,0,1,1,314.0
301,10/01/2020,12:30:00 PM,1.10972,1.10972,1.109,1.10927,759,0,1,1,314.0
302,10/01/2020,1:00:00 PM,1.10923,1.10924,1.1085,1.1092,773,0,1,1,314.0
303,10/01/2020,1:30:00 PM,1.1092,1.10962,1.10914,1.10931,665,0,1,1,314.0
304,10/01/2020,2:00:00 PM,1.10929,1.10953,1.10917,1.10952,550,0,1,1,314.0
305,10/01/2020,2:30:00 PM,1.10952,1.10994,1.10947,1.10983,616,0,2,1,335.0
306,10/01/2020,3:00:00 PM,1.10983,1.10994,1.10898,1.10922,1113,0,1,1,314.0
307,10/01/2020,3:30:00 PM,1.10922,1.11136,1.10922,1.10966,3052,0,1,1,314.0
308,10/01/2020,4:00:00 PM,1.10966,1.10989,1.10861,1.10964,1669,0,1,1,314.0
309,10/01/2020,4:30:00 PM,1.10964,1.11033,1.10927,1.11006,1465,0,1,1,335.0
310,10/01/2020,5:00:00 PM,1.11006,1.11117,1.10981,1.11085,1490,0,1,1,360.0
311,10/01/2020,5:30:00 PM,1.11082,1.11178,1.11078,1.11128,1557,0,1,1,360.0
312,10/01/2020,6:00:00 PM,1.11128,1.11181,1.1111,1.11155,1108,0,1,1,360.0
313,10/01/2020,6:30:00 PM,1.11154,1.11206,1.11135,1.11179,785,0,1,1,446.0
314,10/01/2020,7:00:00 PM,1.11179,1.11291,1.11179,1.11258,958,0,1,1,452.0
315,10/01/2020,7:30:00 PM,1.11258,1.11264,1.11204,1.11223,617,0,1,1,446.0
316,10/01/2020,8:00:00 PM,1.11223,1.11231,1.11193,1.11205,384,0,2,1,446.0
317,10/01/2020,8:30:00 PM,1.11205,1.11214,1.11184,1.11185,290,0,1,1,446.0
318,10/01/2020,9:00:00 PM,1.11185,1.1121,1.11172,1.11206,391,0,2,1,446.0
319,10/01/2020,9:30:00 PM,1.11206,1.11231,1.11206,1.1122,344,0,1,1,446.0
320,10/01/2020,10:00:00 PM,1.1122,1.1122,1.11193,1.11199,351,0,1,1,446.0
321,10/01/2020,10:30:00 PM,1.11199,1.11219,1.11197,1.1121,377,0,2,1,446.0
322,10/01/2020,11:00:00 PM,1.11211,1.11224,1.11199,1.112,245,0,2,1,446.0
323,10/01/2020,11:30:00 PM,1.112,1.11221,1.112,1.11212,276,0,3,1,452.0
324,13/01/2020,12:00:00 AM,1.11162,1.11209,1.11156,1.11192,191,0,3,1,446.0
325,13/01/2020,12:30:00 AM,1.11192,1.11196,1.11128,1.11167,284,0,1,1,446.0
326,13/01/2020,1:00:00 AM,1.11164,1.1118,1.11143,1.11161,256,0,1,1,360.0
327,13/01/2020,1:30:00 AM,1.11161,1.11168,1.11149,1.11161,224,0,1,1,360.0
328,13/01/2020,2:00:00 AM,1.11161,1.11185,1.11159,1.11162,251,0,2,1,446.0
329,13/01/2020,2:30:00 AM,1.11162,1.11187,1.11159,1.11187,207,0,2,1,446.0
330,13/01/2020,3:00:00 AM,1.11187,1.11199,1.11171,1.11198,260,0,2,1,446.0
331,13/01/2020,3:30:00 AM,1.11198,1.11213,1.11186,1.11212,238,0,2,1,446.0
332,13/01/2020,4:00:00 AM,1.11212,1.11215,1.112,1.11207,177,0,1,1,446.0
333,13/01/2020,4:30:00 AM,1.11207,1.11258,1.11206,1.11256,271,0,1,1,452.0
334,13/01/2020,5:00:00 AM,1.11256,1.11284,1.11251,1.11263,364,0,2,1,452.0
335,13/01/2020,5:30:00 AM,1.11263,1.11298,1.11262,1.11291,258,0,2,1,452.0
336,13/01/2020,6:00:00 AM,1.11291,1.11304,1.11273,1.11292,230,0,2,1,452.0
337,13/01/2020,6:30:00 AM,1.11292,1.11301,1.11271,1.11271,169,0,2,1,452.0
338,13/01/2020,7:00:00 AM,1.11271,1.113,1.1127,1.11287,237,0,2,1,452.0
339,13/01/2020,7:30:00 AM,1.11287,1.11317,1.11286,1.11297,259,0,1,1,452.0
340,13/01/2020,8:00:00 AM,1.11297,1.11297,1.1125,1.11291,337,0,2,1,452.0
341,13/01/2020,8:30:00 AM,1.11291,1.11303,1.11276,1.11288,266,0,2,1,452.0
342,13/01/2020,9:00:00 AM,1.11288,1.11299,1.11247,1.11273,592,0,1,1,452.0
343,13/01/2020,9:30:00 AM,1.11273,1.113,1.11221,1.11226,791,0,1,1,446.0
344,13/01/2020,10:00:00 AM,1.11227,1.11286,1.112,1.11231,752,0,1,1,452.0
345,13/01/2020,10:30:00 AM,1.11231,1.11295,1.11215,1.11279,838,0,1,1,452.0
346,13/01/2020,11:00:00 AM,1.1128,1.11359,1.11195,1.11215,1304,0,1,1,446.0
347,13/01/2020,11:30:00 AM,1.11215,1.11215,1.11147,1.1115,1049,0,1,1,360.0
348,13/01/2020,12:00:00 PM,1.1115,1.11194,1.11127,1.11174,684,0,1,1,446.0
349,13/01/2020,12:30:00 PM,1.11174,1.11187,1.11145,1.11167,720,0,1,1,446.0
350,13/01/2020,1:00:00 PM,1.11167,1.11221,1.11164,1.11195,600,0,1,1,446.0
351,13/01/2020,1:30:00 PM,1.11195,1.1124,1.11175,1.11203,651,0,1,1,446.0
352,13/01/2020,2:00:00 PM,1.11203,1.11257,1.11183,1.11253,690,0,1,1,452.0
353,13/01/2020,2:30:00 PM,1.11253,1.11261,1.11191,1.11245,760,0,1,1,452.0
354,13/01/2020,3:00:00 PM,1.11245,1.11283,1.11242,1.11246,795,0,1,1,452.0
355,13/01/2020,3:30:00 PM,1.11246,1.11248,1.11182,1.11187,1047,0,1,1,446.0
356,13/01/2020,4:00:00 PM,1.11187,1.11226,1.11175,1.11204,867,0,1,1,446.0
357,13/01/2020,4:30:00 PM,1.11204,1.11267,1.11199,1.11239,1370,0,1,1,452.0
358,13/01/2020,5:00:00 PM,1.11239,1.11297,1.1121,1.11295,960,0,1,1,452.0
359,13/01/2020,5:30:00 PM,1.11295,1.11381,1.11292,1.11331,1162,0,1,1,452.0
360,13/01/2020,6:00:00 PM,1.11331,1.11441,1.11325,1.11433,1070,0,1,-1,402.0
361,13/01/2020,6:30:00 PM,1.11433,1.11469,1.11371,1.11372,912,0,1,-1,402.0
362,13/01/2020,7:00:00 PM,1.11372,1.11404,1.11366,1.11399,442,0,1,-1,402.0
363,13/01/2020,7:30:00 PM,1.11399,1.11417,1.11355,1.11397,541,0,2,-1,402.0
364,13/01/2020,8:00:00 PM,1.11397,1.11447,1.11384,1.11431,569,0,2,-1,402.0
365,13/01/2020,8:30:00 PM,1.11431,1.11431,1.11394,1.11396,395,0,1,-1,402.0
366,13/01/2020,9:00:00 PM,1.11396,1.11413,1.1138,1.1139,330,0,2,-1,402.0
367,13/01/2020,9:30:00 PM,1.1139,1.11406,1.11375,1.11381,389,0,2,-1,402.0
368,13/01/2020,10:00:00 PM,1.11381,1.11386,1.11366,1.11376,354,0,2,-1,402.0
369,13/01/2020,10:30:00 PM,1.11375,1.11382,1.11361,1.11376,335,0,1,-1,402.0
370,13/01/2020,11:00:00 PM,1.11376,1.11379,1.1134,1.11361,176,0,1,1,497.0
371,13/01/2020,11:30:00 PM,1.11361,1.11363,1.1133,1.11338,308,0,2,1,492.0
372,14/01/2020,12:00:00 AM,1.11338,1.1139,1.1132,1.11374,387,0,2,0,
373,14/01/2020,12:30:00 AM,1.11374,1.11385,1.11352,1.11353,292,0,4,0,
374,14/01/2020,1:00:00 AM,1.11353,1.11365,1.1135,1.1136,139,0,2,1,497.0
375,14/01/2020,1:30:00 AM,1.1136,1.11366,1.11334,1.11344,224,0,1,1,492.0
376,14/01/2020,2:00:00 AM,1.11344,1.11395,1.11339,1.11388,455,0,2,-1,402.0
377,14/01/2020,2:30:00 AM,1.11388,1.11421,1.1137,1.11383,485,0,1,-1,402.0
378,14/01/2020,3:00:00 AM,1.11383,1.11409,1.11347,1.1135,744,0,1,1,492.0
379,14/01/2020,3:30:00 AM,1.1135,1.11372,1.11312,1.11371,578,0,1,-1,402.0
380,14/01/2020,4:00:00 AM,1.11371,1.11384,1.11352,1.11364,408,0,2,1,497.0
381,14/01/2020,4:30:00 AM,1.11364,1.11387,1.11362,1.11372,333,0,2,0,
382,14/01/2020,5:00:00 AM,1.11372,1.11387,1.11352,1.11374,349,0,1,-1,402.0
383,14/01/2020,5:30:00 AM,1.11374,1.11377,1.11353,1.11355,324,0,2,1,497.0
384,14/01/2020,6:00:00 AM,1.11355,1.11381,1.11355,1.11371,248,0,2,0,
385,14/01/2020,6:30:00 AM,1.11371,1.11373,1.11358,1.11364,202,0,2,1,497.0
386,14/01/2020,7:00:00 AM,1.11364,1.11375,1.1136,1.11363,143,0,1,1,497.0
387,14/01/2020,7:30:00 AM,1.11363,1.11384,1.11361,1.11369,277,0,1,-1,402.0
388,14/01/2020,8:00:00 AM,1.11369,1.11415,1.11347,1.11409,382,0,2,-1,402.0
389,14/01/2020,8:30:00 AM,1.11409,1.11444,1.11389,1.11444,587,0,2,-1,402.0
390,14/01/2020,9:00:00 AM,1.11444,1.11444,1.11373,1.11435,827,0,2,-1,402.0
391,14/01/2020,9:30:00 AM,1.11435,1.11435,1.11377,1.1142,672,0,2,-1,402.0
392,14/01/2020,10:00:00 AM,1.11423,1.11439,1.11353,1.1137,1091,0,1,-1,402.0
393,14/01/2020,10:30:00 AM,1.1137,1.11414,1.11333,1.11352,1124,0,1,1,497.0
394,14/01/2020,11:00:00 AM,1.11352,1.11355,1.11303,1.11345,740,0,1,1,492.0
395,14/01/2020,11:30:00 AM,1.11344,1.11349,1.11303,1.11313,746,0,1,1,452.0
396,14/01/2020,12:00:00 PM,1.11312,1.11328,1.11283,1.11314,604,0,2,1,452.0
397,14/01/2020,12:30:00 PM,1.11314,1.11353,1.1131,1.11338,619,0,1,1,492.0
398,14/01/2020,1:00:00 PM,1.11338,1.11345,1.11288,1.11292,896,0,1,1,452.0
399,14/01/2020,1:30:00 PM,1.1129,1.11325,1.11262,1.11303,951,0,1,1,452.0
400,14/01/2020,2:00:00 PM,1.11303,1.11303,1.11195,1.11236,949,0,1,1,452.0
401,14/01/2020,2:30:00 PM,1.11236,1.11245,1.11194,1.11206,783,0,1,1,446.0
402,14/01/2020,3:00:00 PM,1.11206,1.11207,1.11054,1.11096,1307,0,1,1,445.0
403,14/01/2020,3:30:00 PM,1.11095,1.11157,1.1105,1.11102,1754,0,1,1,445.0
404,14/01/2020,4:00:00 PM,1.11102,1.11131,1.11042,1.11125,1447,0,1,1,446.0
405,14/01/2020,4:30:00 PM,1.11125,1.11233,1.11122,1.11217,1587,0,1,1,446.0
406,14/01/2020,5:00:00 PM,1.11217,1.11222,1.11159,1.11179,1256,0,1,1,446.0
407,14/01/2020,5:30:00 PM,1.11179,1.11232,1.11136,1.1122,1353,0,1,1,446.0
408,14/01/2020,6:00:00 PM,1.1122,1.11284,1.11201,1.1124,1152,0,1,1,452.0
409,14/01/2020,6:30:00 PM,1.1124,1.11304,1.11238,1.11295,599,0,1,1,452.0
410,14/01/2020,7:00:00 PM,1.11295,1.11327,1.11273,1.11315,537,0,1,1,452.0
411,14/01/2020,7:30:00 PM,1.11315,1.11326,1.11294,1.1131,469,0,1,1,452.0
412,14/01/2020,8:00:00 PM,1.1131,1.11326,1.11299,1.1131,445,0,2,1,452.0
413,14/01/2020,8:30:00 PM,1.1131,1.11347,1.11304,1.11314,935,0,1,1,452.0
414,14/01/2020,9:00:00 PM,1.11313,1.11329,1.11303,1.1132,580,0,2,1,452.0
415,14/01/2020,9:30:00 PM,1.1132,1.1132,1.11279,1.1128,392,0,2,1,452.0
416,14/01/2020,10:00:00 PM,1.1128,1.11297,1.1127,1.11297,338,0,2,1,452.0
417,14/01/2020,10:30:00 PM,1.11296,1.11301,1.11276,1.11283,507,0,1,1,452.0
418,14/01/2020,11:00:00 PM,1.11283,1.11283,1.11249,1.11254,243,0,1,1,452.0
419,14/01/2020,11:30:00 PM,1.11254,1.11284,1.11247,1.11274,302,0,1,1,452.0
420,15/01/2020,12:00:00 AM,1.11284,1.11287,1.1125,1.11264,392,0,2,1,452.0
421,15/01/2020,12:30:00 AM,1.11264,1.1127,1.11257,1.11264,221,0,3,1,452.0
422,15/01/2020,1:00:00 AM,1.11263,1.1128,1.11263,1.11274,184,0,1,1,452.0
423,15/01/2020,1:30:00 AM,1.11274,1.11279,1.11261,1.11274,394,0,2,1,452.0
424,15/01/2020,2:00:00 AM,1.11274,1.11303,1.11269,1.11301,373,0,2,1,452.0
425,15/01/2020,2:30:00 AM,1.11301,1.11308,1.11285,1.11295,460,0,1,1,452.0
426,15/01/2020,3:00:00 AM,1.11295,1.1131,1.11273,1.11274,289,0,2,1,452.0
427,15/01/2020,3:30:00 AM,1.11274,1.11301,1.1127,1.11296,407,0,2,1,452.0
428,15/01/2020,4:00:00 AM,1.11295,1.11311,1.11294,1.11295,418,0,2,1,452.0
429,15/01/2020,4:30:00 AM,1.11295,1.11297,1.1127,1.1129,229,0,3,1,452.0
430,15/01/2020,5:00:00 AM,1.11291,1.113,1.11279,1.11297,280,0,2,1,452.0
431,15/01/2020,5:30:00 AM,1.11297,1.1131,1.11289,1.11302,202,0,2,1,452.0
432,15/01/2020,6:00:00 AM,1.11302,1.11317,1.11295,1.11317,206,0,2,1,452.0
433,15/01/2020,6:30:00 AM,1.11317,1.11336,1.11315,1.11331,300,0,1,1,452.0
434,15/01/2020,7:00:00 AM,1.11331,1.11331,1.11317,1.11326,220,0,2,1,492.0
435,15/01/2020,7:30:00 AM,1.11326,1.11345,1.11317,1.11339,198,0,2,1,492.0
436,15/01/2020,8:00:00 AM,1.11339,1.11364,1.11328,1.11347,403,0,1,1,492.0
437,15/01/2020,8:30:00 AM,1.11347,1.11355,1.11321,1.11354,235,0,1,1,497.0
438,15/01/2020,9:00:00 AM,1.11354,1.11367,1.11334,1.11348,456,0,2,1,497.0
439,15/01/2020,9:30:00 AM,1.11348,1.11355,1.11269,1.11284,607,0,2,1,452.0
440,15/01/2020,10:00:00 AM,1.11284,1.11287,1.11185,1.11231,778,0,1,1,452.0
441,15/01/2020,10:30:00 AM,1.11231,1.11306,1.1122,1.113,807,0,2,1,452.0
442,15/01/2020,11:00:00 AM,1.11299,1.11321,1.11254,1.11319,717,0,1,1,452.0
443,15/01/2020,11:30:00 AM,1.11319,1.11333,1.11275,1.11283,1107,0,1,1,452.0
444,15/01/2020,12:00:00 PM,1.11283,1.11305,1.1125,1.11305,558,0,2,1,452.0
445,15/01/2020,12:30:00 PM,1.11305,1.11392,1.11293,1.11387,567,0,2,0,
446,15/01/2020,1:00:00 PM,1.11387,1.11549,1.11378,1.115,1453,0,1,0,
447,15/01/2020,1:30:00 PM,1.115,1.11513,1.11455,1.11479,842,0,1,0,
448,15/01/2020,2:00:00 PM,1.11479,1.11526,1.1147,1.11475,774,0,1,0,
449,15/01/2020,2:30:00 PM,1.11475,1.11481,1.11395,1.11407,802,0,1,0,
450,15/01/2020,3:00:00 PM,1.11413,1.11459,1.114,1.11443,1038,0,1,0,
451,15/01/2020,3:30:00 PM,1.11443,1.11494,1.11429,1.11489,1273,0,1,0,
452,15/01/2020,4:00:00 PM,1.11487,1.11606,1.11486,1.11604,1247,0,1,0,
453,15/01/2020,4:30:00 PM,1.11601,1.11633,1.11513,1.11522,1472,0,1,0,
454,15/01/2020,5:00:00 PM,1.11522,1.11547,1.11431,1.11536,1216,0,1,0,
455,15/01/2020,5:30:00 PM,1.11536,1.11537,1.11449,1.11521,1177,0,1,0,
456,15/01/2020,6:00:00 PM,1.11522,1.11594,1.11496,1.11554,1089,0,1,0,
457,15/01/2020,6:30:00 PM,1.11554,1.11598,1.11544,1.11595,701,0,1,0,
458,15/01/2020,7:00:00 PM,1.11595,1.1161,1.11562,1.11605,832,0,1,0,
459,15/01/2020,7:30:00 PM,1.11605,1.11614,1.11565,1.11575,557,0,1,0,
460,15/01/2020,8:00:00 PM,1.11575,1.11596,1.11545,1.11547,496,0,1,0,
461,15/01/2020,8:30:00 PM,1.11547,1.11554,1.11496,1.11515,510,0,1,0,
462,15/01/2020,9:00:00 PM,1.11515,1.11527,1.11494,1.11527,576,0,1,0,
463,15/01/2020,9:30:00 PM,1.11527,1.11539,1.11494,1.11503,487,0,1,0,
464,15/01/2020,10:00:00 PM,1.11503,1.1151,1.1148,1.11481,381,0,2,0,
465,15/01/2020,10:30:00 PM,1.11481,1.11529,1.1148,1.11523,622,0,1,0,
466,15/01/2020,11:00:00 PM,1.11523,1.11525,1.11486,1.11486,239,0,2,0,
467,15/01/2020,11:30:00 PM,1.11486,1.11506,1.11481,1.11495,310,0,2,0,
468,16/01/2020,12:00:00 AM,1.11492,1.11534,1.11481,1.11525,443,0,2,0,
469,16/01/2020,12:30:00 AM,1.11524,1.11531,1.11503,1.11515,726,0,2,0,
470,16/01/2020,1:00:00 AM,1.11515,1.1153,1.115,1.11503,225,0,1,0,
471,16/01/2020,1:30:00 AM,1.11503,1.11526,1.11503,1.11523,255,0,3,0,
472,16/01/2020,2:00:00 AM,1.11524,1.1158,1.11522,1.11573,651,0,1,0,
473,16/01/2020,2:30:00 AM,1.11573,1.11577,1.11539,1.11548,375,0,2,0,
474,16/01/2020,3:00:00 AM,1.11548,1.11554,1.11535,1.11544,357,0,2,0,
475,16/01/2020,3:30:00 AM,1.11544,1.11547,1.11529,1.11535,283,0,2,0,
476,16/01/2020,4:00:00 AM,1.11535,1.11537,1.11517,1.11519,348,0,1,0,
477,16/01/2020,4:30:00 AM,1.11519,1.11522,1.11507,1.11517,139,0,2,0,
478,16/01/2020,5:00:00 AM,1.11517,1.11548,1.11513,1.11544,160,0,2,0,
479,16/01/2020,5:30:00 AM,1.11544,1.11549,1.11525,1.11527,285,0,2,0,
480,16/01/2020,6:00:00 AM,1.11527,1.11534,1.11524,1.11526,144,0,2,0,
481,16/01/2020,6:30:00 AM,1.11526,1.11534,1.11506,1.11509,260,0,2,0,
482,16/01/2020,7:00:00 AM,1.11509,1.11524,1.11509,1.11509,166,0,2,0,
483,16/01/2020,7:30:00 AM,1.11509,1.11512,1.11495,1.11496,180,0,2,0,
484,16/01/2020,8:00:00 AM,1.11496,1.11497,1.11455,1.1146,399,0,2,0,
485,16/01/2020,8:30:00 AM,1.1146,1.11505,1.11446,1.11503,384,0,1,0,
486,16/01/2020,9:00:00 AM,1.11503,1.11528,1.11459,1.11479,671,0,1,0,
487,16/01/2020,9:30:00 AM,1.11479,1.11507,1.1145,1.11476,660,0,1,0,
488,16/01/2020,10:00:00 AM,1.11476,1.11566,1.11458,1.11546,761,0,1,0,
489,16/01/2020,10:30:00 AM,1.11546,1.11636,1.11545,1.11563,1146,0,1,0,
490,16/01/2020,11:00:00 AM,1.11563,1.11593,1.11537,1.11538,829,0,1,0,
491,16/01/2020,11:30:00 AM,1.11538,1.11567,1.11503,1.11533,920,0,1,0,
492,16/01/2020,12:00:00 PM,1.11533,1.11632,1.11525,1.1162,686,0,1,0,
493,16/01/2020,12:30:00 PM,1.1162,1.11624,1.1156,1.11572,571,0,1,0,
494,16/01/2020,1:00:00 PM,1.11572,1.11605,1.11566,1.11598,645,0,1,0,
495,16/01/2020,1:30:00 PM,1.11598,1.11604,1.11557,1.11588,548,0,1,0,
496,16/01/2020,2:00:00 PM,1.11588,1.11622,1.11566,1.11619,599,0,1,0,
497,16/01/2020,2:30:00 PM,1.11619,1.11726,1.11604,1.11647,1242,0,1,0,
498,16/01/2020,3:00:00 PM,1.11647,1.11697,1.11624,1.1165,1216,0,1,0,
499,16/01/2020,3:30:00 PM,1.1165,1.11656,1.115,1.11513,1701,0,1,0,
