time,open,high,low,close,bid,ask
2018-01-31,1.24009,1.24748,1.23867,1.24136,1.24009,1.24031
2018-02-01,1.24131,1.25228,1.23852,1.2506,1.24133,1.24138
2018-02-02,1.25072,1.25182,1.24092,1.24559,1.25075,1.2512699999999999
2018-02-05,1.2431,1.2475,1.23626,1.23664,1.2431,1.24438
2018-02-06,1.23657,1.24348,1.2314,1.23764,1.23668,1.23678
2018-02-07,1.23755,1.24062,1.22459,1.2264599999999999,1.23755,1.23779
2018-02-08,1.22621,1.2295099999999999,1.22122,1.22465,1.22621,1.22659
2018-02-09,1.22456,1.22873,1.22056,1.22518,1.2247,1.22476
2018-02-12,1.22482,1.22974,1.22351,1.22912,1.22482,1.22503
2018-02-13,1.229,1.23712,1.22846,1.23514,1.229,1.22932
2018-02-14,1.23496,1.24652,1.2275800000000001,1.24502,1.23496,1.23528
2018-02-15,1.24489,1.25104,1.24479,1.25071,1.24489,1.24522
2018-02-16,1.25045,1.25556,1.2393399999999999,1.24103,1.25045,1.25067
2018-02-19,1.24016,1.24352,1.23691,1.24069,1.24013,1.2405599999999999
2018-02-20,1.24062,1.24124,1.23198,1.23371,1.24071,1.24076
2018-02-21,1.23365,1.23601,1.2281,1.22827,1.23365,1.23388
2018-02-22,1.22818,1.23522,1.22594,1.23314,1.22818,1.2285
2018-02-23,1.23291,1.23373,1.22799,1.22952,1.23291,1.23323
2018-02-26,1.22936,1.23553,1.22778,1.23174,1.22936,1.22943
2018-02-27,1.23163,1.23466,1.22216,1.22332,1.23163,1.2318500000000001
2018-02-28,1.22318,1.22418,1.21879,1.21938,1.22318,1.22342
2018-03-01,1.21924,1.22733,1.21546,1.22677,1.21924,1.21955
2018-03-02,1.22649,1.2336,1.22515,1.23203,1.22649,1.22682
2018-03-05,1.23274,1.23644,1.2269,1.23362,1.23274,1.23424
2018-03-06,1.23348,1.24204,1.23281,1.24051,1.23348,1.2337
2018-03-07,1.24028,1.24453,1.23849,1.24108,1.24028,1.24047
2018-03-08,1.24101,1.24464,1.2298,1.23117,1.24101,1.24125
2018-03-09,1.23103,1.23344,1.22732,1.23051,1.23103,1.23131
2018-03-12,1.23092,1.23456,1.22904,1.23353,1.23092,1.23177
2018-03-13,1.23322,1.24075,1.23145,1.23908,1.23322,1.23355
2018-03-14,1.23896,1.24127,1.23472,1.23676,1.23896,1.23907
2018-03-15,1.2366,1.23837,1.2300200000000001,1.23043,1.2366,1.23688
2018-03-16,1.23035,1.23362,1.22601,1.22871,1.23035,1.2304599999999999
2018-03-19,1.22805,1.23588,1.2258,1.23345,1.22805,1.22902
2018-03-20,1.2334,1.23548,1.22397,1.22408,1.2334,1.23363
2018-03-21,1.22411,1.23499,1.22403,1.23386,1.22411,1.2241900000000001
2018-03-22,1.2337,1.23886,1.22854,1.23005,1.2337,1.23392
2018-03-23,1.23013,1.23736,1.22973,1.23526,1.23013,1.23034
2018-03-26,1.2347,1.24616,1.2347,1.24486,1.2347,1.23508
2018-03-27,1.24426,1.24766,1.23723,1.2402199999999999,1.24426,1.24441
2018-03-28,1.24016,1.24217,1.23001,1.23084,1.24016,1.2404
2018-03-29,1.23069,1.23359,1.2284,1.23006,1.23069,1.23101
2018-03-30,1.22992,1.23306,1.22898,1.23242,1.22992,1.23008
2018-04-02,1.23205,1.23451,1.22814,1.23018,1.23205,1.23265
2018-04-03,1.23004,1.23362,1.22537,1.2269,1.23004,1.23035
2018-04-04,1.22687,1.23148,1.2257,1.22785,1.22687,1.22719
2018-04-05,1.2278,1.22903,1.22184,1.22394,1.2278,1.22784
2018-04-06,1.22389,1.22908,1.22149,1.22812,1.22389,1.22404
2018-04-09,1.2284,1.23308,1.22603,1.23209,1.2284,1.22885
2018-04-10,1.23193,1.23777,1.23028,1.2355,1.23193,1.23221
2018-04-11,1.23546,1.23963,1.2347,1.23672,1.23546,1.23569
2018-04-12,1.23658,1.23798,1.22993,1.23257,1.23658,1.23685
2018-04-13,1.2325,1.2346,1.2307,1.23303,1.2325,1.23279
2018-04-16,1.233,1.23946,1.2322,1.23793,1.233,1.23395
2018-04-17,1.23793,1.24138,1.23362,1.23693,1.23793,1.23798
2018-04-18,1.23682,1.23973,1.23416,1.2375099999999999,1.23682,1.23714
2018-04-19,1.23727,1.24003,1.23291,1.23451,1.23727,1.2375099999999999
2018-04-20,1.23442,1.2353,1.22498,1.22874,1.23442,1.2347299999999999
2018-04-23,1.227,1.22894,1.21975,1.22075,1.227,1.2278
2018-04-24,1.22085,1.2245,1.21818,1.2233,1.22085,1.22091
2018-04-25,1.22314,1.22387,1.21606,1.2161,1.22314,1.22339
2018-04-26,1.21594,1.22099,1.20963,1.21027,1.21594,1.21618
2018-04-27,1.21023,1.21329,1.20554,1.21301,1.21023,1.21046
2018-04-30,1.21225,1.21389,1.20644,1.20803,1.21225,1.2125
2018-05-01,1.20763,1.20842,1.19812,1.1992,1.20763,1.20789
2018-05-02,1.19917,1.20318,1.19379,1.19499,1.19917,1.19941
2018-05-03,1.19503,1.20089,1.19478,1.19884,1.19503,1.19513
2018-05-04,1.19871,1.19954,1.19108,1.19627,1.19871,1.19899
2018-05-07,1.19515,1.1978,1.18976,1.19231,1.19515,1.19647
2018-05-08,1.19219,1.1938900000000001,1.18381,1.18634,1.19219,1.1923
2018-05-09,1.18635,1.18971,1.18226,1.18512,1.18635,1.18666
2018-05-10,1.18499,1.19468,1.18429,1.19158,1.18499,1.1851
2018-05-11,1.19143,1.19679,1.18913,1.19391,1.19143,1.19166
2018-05-14,1.1938,1.19962,1.19264,1.19268,1.1938,1.1948
2018-05-15,1.1926,1.19385,1.18202,1.18373,1.1926,1.1928
2018-05-16,1.18372,1.18542,1.17632,1.18079,1.18372,1.1838
2018-05-17,1.18062,1.18375,1.17764,1.17944,1.18062,1.18085
2018-05-18,1.17927,1.18222,1.17498,1.17698,1.17927,1.17963
2018-05-21,1.17678,1.17957,1.17166,1.17908,1.17678,1.17778
2018-05-22,1.17909,1.18298,1.17565,1.1778,1.17909,1.17921
2018-05-23,1.17774,1.17896,1.16758,1.16966,1.17774,1.178
2018-05-24,1.16948,1.17503,1.1690800000000001,1.172,1.16948,1.16974
2018-05-25,1.17191,1.17336,1.16456,1.16504,1.17191,1.17209
2018-05-28,1.16848,1.1728399999999999,1.16074,1.16242,1.16848,1.16875
2018-05-29,1.16234,1.16398,1.15101,1.15374,1.16234,1.16261
2018-05-30,1.1539,1.16763,1.15186,1.1663999999999999,1.1539,1.154
2018-05-31,1.16622,1.17244,1.16412,1.16927,1.16622,1.1668
2018-06-01,1.169,1.17182,1.16171,1.166,1.169,1.16953
2018-06-04,1.1656,1.17446,1.1656,1.16958,1.1656,1.16645
2018-06-05,1.16971,1.17322,1.16525,1.17178,1.16971,1.16997
2018-06-06,1.17164,1.17957,1.17105,1.17746,1.17164,1.17188
2018-06-07,1.17734,1.184,1.17726,1.17988,1.17734,1.17756
2018-06-08,1.17977,1.18103,1.17272,1.17689,1.17977,1.18025
2018-06-11,1.1774,1.18207,1.1771099999999999,1.17854,1.1774,1.1776
2018-06-12,1.17823,1.18091,1.17333,1.17445,1.17823,1.17851
2018-06-13,1.17442,1.18011,1.17254,1.17923,1.17442,1.17471
2018-06-14,1.17905,1.18516,1.15627,1.15658,1.17905,1.17917
2018-06-15,1.15649,1.16271,1.15433,1.16073,1.15649,1.15708
2018-06-18,1.15862,1.16243,1.1565400000000001,1.16226,1.15862,1.15904
2018-06-19,1.16221,1.16446,1.15306,1.15899,1.16221,1.16242
2018-06-20,1.1587399999999999,1.16001,1.15369,1.15751,1.1587399999999999,1.15931
2018-06-21,1.15701,1.16336,1.1508099999999999,1.16027,1.15701,1.15728
2018-06-22,1.15976,1.16751,1.15976,1.1656900000000001,1.15976,1.16053
2018-06-25,1.1662,1.17131,1.16285,1.17033,1.1662,1.1667
2018-06-26,1.17024,1.17204,1.16349,1.16482,1.17024,1.1705
2018-06-27,1.16459,1.16724,1.15406,1.15544,1.16459,1.165
2018-06-28,1.15518,1.16008,1.15273,1.15686,1.15518,1.15561
2018-06-29,1.1567,1.16904,1.1558,1.1685,1.1567,1.15702
2018-07-02,1.1673,1.1688399999999999,1.15914,1.16388,1.1673,1.1683
2018-07-03,1.16387,1.16732,1.16205,1.16588,1.16387,1.16403
2018-07-04,1.16588,1.16819,1.16307,1.16564,1.16588,1.16594
2018-07-05,1.16554,1.17204,1.165,1.1692,1.16554,1.1658
2018-07-06,1.16894,1.17678,1.168,1.17431,1.16894,1.16924
2018-07-10,1.17492,1.17627,1.16903,1.17448,1.17492,1.17519
2018-07-11,1.17442,1.17584,1.16653,1.16745,1.17442,1.17449
2018-07-12,1.16715,1.16956,1.16496,1.1670099999999999,1.16715,1.16746
2018-07-13,1.16699,1.16867,1.1613,1.16862,1.16699,1.16727
2018-07-17,1.1710099999999999,1.17448,1.16493,1.16611,1.1710099999999999,1.17117
2018-07-18,1.16594,1.1665,1.16021,1.16397,1.16594,1.1662
2018-07-19,1.16379,1.16785,1.1575,1.16421,1.16379,1.16397
2018-07-20,1.16405,1.1739,1.16262,1.17212,1.16405,1.16432
2018-07-23,1.17249,1.17514,1.16836,1.16914,1.17249,1.17285
2018-07-24,1.16909,1.17169,1.16546,1.16816,1.16909,1.16931
2018-07-25,1.16822,1.17387,1.1663999999999999,1.1728399999999999,1.16822,1.16922
2018-07-26,1.17276,1.17438,1.16402,1.16429,1.17276,1.17288
2018-07-27,1.16426,1.16644,1.16202,1.16575,1.16426,1.1643
2018-07-30,1.1657,1.1718899999999999,1.1648100000000001,1.17054,1.1657,1.166
2018-07-31,1.17033,1.1746,1.1683,1.169,1.17033,1.17071
2018-08-01,1.16901,1.16998,1.16573,1.1660300000000001,1.16901,1.16926
2018-08-02,1.16587,1.16676,1.15817,1.1584699999999999,1.16587,1.16606
2018-08-03,1.15839,1.16106,1.15602,1.15667,1.15839,1.1587399999999999
2018-08-06,1.15668,1.15705,1.153,1.15527,1.15668,1.1573
2018-08-07,1.1553200000000001,1.16082,1.1549,1.15985,1.1553200000000001,1.15538
2018-08-08,1.15979,1.16284,1.15732,1.16096,1.15979,1.1599599999999999
2018-08-09,1.16098,1.16194,1.15256,1.15271,1.16098,1.16112
2018-08-10,1.15257,1.15365,1.1388,1.14093,1.15257,1.15276
2018-08-13,1.13709,1.1433,1.13649,1.14091,1.13709,1.13731
2018-08-14,1.14097,1.14295,1.13302,1.13432,1.14097,1.14126
2018-08-15,1.13431,1.13552,1.1301,1.13455,1.13431,1.13459
2018-08-16,1.1345399999999999,1.14092,1.13358,1.13762,1.1345399999999999,1.13459
2018-08-17,1.1375899999999999,1.1445,1.13665,1.14386,1.1375899999999999,1.13784
2018-08-20,1.14373,1.1485,1.13944,1.14832,1.14373,1.14418
2018-08-21,1.14802,1.16012,1.14786,1.15712,1.14802,1.14838
2018-08-22,1.15703,1.1623,1.1553200000000001,1.15964,1.15703,1.15712
2018-08-23,1.15955,1.15995,1.15298,1.15422,1.15955,1.15971
2018-08-24,1.15353,1.16399,1.15348,1.16215,1.15353,1.15439
2018-08-27,1.1614,1.16937,1.15946,1.16784,1.1614,1.16184
2018-08-28,1.16772,1.17336,1.16626,1.16943,1.16772,1.16783
2018-08-29,1.16934,1.171,1.16519,1.1706699999999999,1.16934,1.16961
2018-08-30,1.17059,1.17183,1.16417,1.16673,1.17059,1.1709
2018-08-31,1.16707,1.16902,1.15846,1.1606,1.16707,1.16716
2018-09-03,1.1595,1.16279,1.1589,1.1617,1.1595,1.1598
2018-09-04,1.16165,1.16193,1.15301,1.15825,1.16165,1.16228
2018-09-05,1.15795,1.16404,1.15427,1.16302,1.15795,1.15827
2018-09-06,1.16288,1.16593,1.16054,1.16241,1.16288,1.16321
2018-09-07,1.16216,1.16494,1.15506,1.15523,1.16216,1.16245
2018-09-10,1.1548,1.16165,1.15258,1.15947,1.1548,1.155
2018-09-11,1.15901,1.16443,1.15656,1.1604700000000001,1.15901,1.15951
2018-09-12,1.16038,1.16498,1.15702,1.1626400000000001,1.16038,1.16084
2018-09-13,1.16249,1.17012,1.16092,1.16905,1.16249,1.16277
2018-09-14,1.16894,1.17217,1.16207,1.1622,1.16894,1.16905
2018-09-17,1.1623,1.16981,1.1617899999999999,1.16836,1.1623,1.1628
2018-09-18,1.16818,1.17244,1.16522,1.16662,1.16818,1.16851
2018-09-19,1.16622,1.17149,1.16499,1.16732,1.16622,1.16697
2018-09-20,1.16714,1.17845,1.16689,1.17774,1.16714,1.16742
2018-09-21,1.17766,1.18027,1.17327,1.1754,1.17766,1.17769
2018-09-24,1.17417,1.18152,1.17242,1.17461,1.17417,1.17517
2018-09-25,1.17474,1.1792799999999999,1.17309,1.17663,1.17474,1.17493
2018-09-26,1.17657,1.1798,1.1726,1.1740599999999999,1.17657,1.17685
2018-09-27,1.17359,1.17571,1.1639,1.1642000000000001,1.17359,1.17428
2018-09-28,1.16402,1.16513,1.15698,1.16027,1.16402,1.16409
2018-10-01,1.1616900000000001,1.16248,1.15636,1.15785,1.1616900000000001,1.16204
2018-10-02,1.15779,1.15802,1.15052,1.15463,1.15779,1.15792
2018-10-03,1.15449,1.15938,1.14643,1.14784,1.15449,1.155
2018-10-04,1.14765,1.15428,1.14634,1.1514,1.14765,1.14794
2018-10-05,1.1513200000000001,1.15497,1.1484,1.15191,1.1513200000000001,1.15145
2018-10-08,1.1521,1.15296,1.14598,1.14914,1.1521,1.1525
2018-10-09,1.14904,1.15035,1.14323,1.14923,1.14904,1.14921
2018-10-10,1.1488800000000001,1.15454,1.14799,1.15182,1.1488800000000001,1.14912
2018-10-11,1.15185,1.15993,1.15182,1.15934,1.15185,1.15221
2018-10-12,1.15932,1.16105,1.1534200000000001,1.15576,1.15932,1.15938
2018-10-15,1.1537,1.16063,1.1537,1.15786,1.1537,1.1545
2018-10-16,1.15793,1.16216,1.15661,1.15738,1.15793,1.1580300000000001
2018-10-17,1.15729,1.15804,1.14959,1.15002,1.15729,1.15746
2018-10-18,1.14996,1.15274,1.14492,1.14512,1.14996,1.15018
2018-10-19,1.14528,1.15348,1.1433,1.15146,1.14528,1.14536
2018-10-22,1.1515,1.15502,1.1455899999999999,1.14645,1.1515,1.1518
2018-10-23,1.1464,1.14937,1.1439300000000001,1.14704,1.1464,1.14661
2018-10-24,1.14701,1.14767,1.13787,1.13925,1.14701,1.14712
2018-10-25,1.13914,1.14326,1.13562,1.13734,1.13914,1.13931
2018-10-26,1.13742,1.14211,1.13357,1.14023,1.13742,1.13757
2018-10-29,1.13918,1.14165,1.13607,1.13726,1.13918,1.13949
2018-10-30,1.1372,1.13879,1.13406,1.1345,1.1372,1.13734
2018-10-31,1.13431,1.13602,1.13022,1.13136,1.13431,1.13459
2018-11-01,1.13108,1.14242,1.13072,1.1408800000000001,1.13108,1.13136
2018-11-02,1.14079,1.1455899999999999,1.13723,1.13867,1.14079,1.14094
2018-11-05,1.13869,1.1424,1.13533,1.14075,1.13869,1.13886
2018-11-06,1.1406399999999999,1.14378,1.13914,1.14266,1.1406399999999999,1.14089
2018-11-07,1.14258,1.14996,1.13945,1.14255,1.14258,1.14285
2018-11-08,1.14253,1.14469,1.1351499999999999,1.13638,1.14253,1.14272
2018-11-09,1.1363,1.13689,1.13162,1.13344,1.1363,1.13639
2018-11-12,1.13178,1.13307,1.12155,1.12174,1.13178,1.13252
2018-11-13,1.12167,1.12937,1.12163,1.12908,1.12167,1.12191
2018-11-14,1.12888,1.13475,1.12632,1.13094,1.12888,1.1293
2018-11-15,1.13074,1.13626,1.12706,1.13304,1.13074,1.13126
2018-11-16,1.13245,1.14201,1.13215,1.14171,1.13245,1.13305
2018-11-19,1.14128,1.14645,1.13939,1.14534,1.14128,1.14153
2018-11-20,1.1451500000000001,1.14724,1.13588,1.13704,1.1451500000000001,1.14552
2018-11-21,1.13691,1.14248,1.13636,1.13855,1.13691,1.13711
2018-11-22,1.13795,1.1434,1.13795,1.1404,1.13795,1.13864
2018-11-23,1.13998,1.14213,1.13273,1.1332,1.13998,1.14068
2018-11-26,1.13399,1.13838,1.1325,1.13272,1.13399,1.13432
2018-11-27,1.13268,1.13437,1.12775,1.12914,1.13268,1.13283
2018-11-28,1.12851,1.13876,1.12672,1.13662,1.12851,1.12885
2018-11-29,1.13658,1.14017,1.1348799999999999,1.13934,1.13658,1.13677
2018-11-30,1.13927,1.14004,1.13055,1.13197,1.13927,1.13937
2018-12-03,1.13491,1.13798,1.13195,1.1353900000000001,1.13491,1.13546
2018-12-04,1.1352,1.14188,1.13186,1.1342,1.1352,1.13564
2018-12-05,1.13406,1.13614,1.13105,1.13446,1.13406,1.1345
2018-12-06,1.1344400000000001,1.14126,1.13211,1.13776,1.1344400000000001,1.1345
2018-12-07,1.13725,1.14236,1.13603,1.14012,1.13725,1.13802
2018-12-10,1.13903,1.1443,1.1350500000000001,1.13553,1.13903,1.13951
2018-12-11,1.13541,1.14004,1.13063,1.13184,1.13541,1.13586
2018-12-12,1.1315,1.13873,1.1315,1.13689,1.1315,1.13186
2018-12-13,1.13678,1.13933,1.13312,1.13581,1.13678,1.13692
2018-12-14,1.13602,1.1365,1.12699,1.13033,1.13602,1.13702
2018-12-18,1.13469,1.14024,1.13367,1.13633,1.13469,1.1348799999999999
2018-12-19,1.1359,1.14394,1.13589,1.1376,1.1359,1.13625
2018-12-20,1.13736,1.14859,1.13693,1.14456,1.13736,1.13772
2018-12-21,1.14449,1.1474199999999999,1.13559,1.13675,1.14449,1.14467
2018-12-27,1.13504,1.14541,1.13504,1.14313,1.13504,1.13548
2018-12-28,1.14287,1.14728,1.14234,1.14405,1.14287,1.14325
2019-01-02,1.1463,1.14967,1.13251,1.13435,1.1463,1.14693
2019-01-03,1.13419,1.14112,1.12982,1.1394199999999999,1.13419,1.13463
2019-01-04,1.13921,1.14192,1.13458,1.13972,1.13921,1.1395
2019-01-07,1.13948,1.1482700000000001,1.13946,1.14741,1.13948,1.14004
2019-01-08,1.1474199999999999,1.14846,1.14222,1.14413,1.1474199999999999,1.14752
2019-01-09,1.14409,1.15575,1.14368,1.1543,1.14409,1.14433
2019-01-10,1.15423,1.15698,1.14845,1.15003,1.15423,1.15433
2019-01-11,1.14994,1.15404,1.14581,1.14644,1.14994,1.15003
2019-01-14,1.14578,1.1482,1.14506,1.14689,1.14578,1.14612
2019-01-15,1.14682,1.14897,1.13819,1.14124,1.14682,1.14692
2019-01-16,1.14126,1.14248,1.13777,1.13913,1.14126,1.14137
2019-01-17,1.13918,1.1406,1.137,1.13884,1.13918,1.13928
2019-01-18,1.13874,1.14102,1.13532,1.13634,1.13874,1.13898
2019-01-21,1.1360000000000001,1.13914,1.13569,1.13667,1.1360000000000001,1.13632
2019-01-22,1.13659,1.13741,1.13362,1.13597,1.13659,1.13684
2019-01-23,1.13588,1.13945,1.13506,1.13804,1.13588,1.13602
2019-01-24,1.13811,1.13914,1.12894,1.13074,1.13811,1.13815
2019-01-25,1.13037,1.14176,1.12998,1.14055,1.13037,1.13063
2019-01-28,1.1400299999999999,1.1443699999999999,1.13901,1.14257,1.1400299999999999,1.14047
2019-01-29,1.1427,1.14502,1.14112,1.14319,1.1427,1.14312
2019-01-30,1.14322,1.15017,1.1406100000000001,1.1479300000000001,1.14322,1.14351
2019-01-31,1.14791,1.1514199999999999,1.14357,1.14475,1.14791,1.1480299999999999
2019-02-01,1.14458,1.14886,1.14343,1.14534,1.14458,1.14503
2019-02-04,1.14507,1.14604,1.1424400000000001,1.14357,1.14507,1.14542
2019-02-05,1.14346,1.14405,1.14012,1.14047,1.14346,1.14395
2019-02-06,1.14049,1.14095,1.13608,1.13616,1.14049,1.14073
2019-02-07,1.13616,1.13684,1.13246,1.13378,1.13616,1.13622
2019-02-08,1.13379,1.13509,1.13212,1.1323400000000001,1.13379,1.13428
2019-02-11,1.13188,1.13299,1.12673,1.12748,1.13188,1.13212
2019-02-12,1.12754,1.13398,1.12576,1.13269,1.12754,1.12775
2019-02-13,1.13252,1.13415,1.12603,1.12612,1.13252,1.1326
2019-02-14,1.1259000000000001,1.13099,1.1249,1.12955,1.1259000000000001,1.12607
2019-02-15,1.12947,1.13062,1.12341,1.1292200000000001,1.12947,1.1295600000000001
2019-02-18,1.12918,1.1334,1.12888,1.13107,1.12918,1.12942
2019-02-19,1.13077,1.1357599999999999,1.12756,1.13403,1.13077,1.13132
2019-02-20,1.13394,1.13712,1.1325,1.1337,1.13394,1.13407
2019-02-21,1.13357,1.13664,1.13204,1.13327,1.13357,1.1338
2019-02-22,1.13341,1.13558,1.13162,1.1332,1.13341,1.13402
2019-02-25,1.13338,1.13674,1.13278,1.13569,1.13338,1.13379
2019-02-26,1.13571,1.1402700000000001,1.13452,1.13889,1.13571,1.13582
2019-02-27,1.1388099999999999,1.14036,1.13623,1.13694,1.1388099999999999,1.13898
2019-02-28,1.1369,1.14196,1.13594,1.13703,1.1369,1.137
2019-03-01,1.13699,1.14086,1.13533,1.13623,1.13699,1.13709
2019-03-04,1.13823,1.13823,1.13091,1.13398,1.13823,1.13835
2019-03-05,1.1339299999999999,1.13409,1.12896,1.1307,1.1339299999999999,1.13406
2019-03-06,1.13076,1.13246,1.12856,1.13063,1.13076,1.13085
2019-03-07,1.1306,1.13203,1.11762,1.11937,1.1306,1.13074
2019-03-08,1.11937,1.1246,1.1185100000000001,1.1233,1.11937,1.11945
2019-03-11,1.12308,1.12584,1.12219,1.12442,1.12308,1.12367
2019-03-12,1.12447,1.1305,1.12445,1.12863,1.12447,1.12462
2019-03-13,1.12872,1.13387,1.12775,1.13289,1.12872,1.12892
2019-03-14,1.13262,1.13375,1.12942,1.13047,1.13262,1.13276
2019-03-15,1.13026,1.1344400000000001,1.12967,1.1325,1.13026,1.13038
2019-03-18,1.13202,1.1359,1.1319,1.13397,1.13202,1.13251
2019-03-19,1.13334,1.13616,1.13318,1.13512,1.13334,1.1338300000000001
2019-03-20,1.13512,1.1448,1.13355,1.1412,1.13512,1.13523
2019-03-21,1.14131,1.14374,1.13425,1.13752,1.14131,1.14138
2019-03-22,1.13733,1.13907,1.12733,1.13003,1.13733,1.13748
2019-03-25,1.12885,1.13314,1.12859,1.13126,1.12885,1.12985
2019-03-26,1.13119,1.1326,1.12632,1.12658,1.13119,1.13138
2019-03-27,1.12655,1.12856,1.12422,1.1244,1.12655,1.12665
2019-03-28,1.12436,1.12612,1.12137,1.12238,1.12436,1.12441
2019-03-29,1.12178,1.12465,1.12099,1.12172,1.12178,1.1223
2019-04-01,1.12248,1.12499,1.1204,1.12121,1.12248,1.12337
2019-04-02,1.12125,1.12159,1.11837,1.12043,1.12125,1.1213
2019-04-03,1.1204,1.12546,1.12001,1.1233,1.1204,1.12049
2019-04-04,1.12318,1.12476,1.1206,1.12203,1.12318,1.12336
2019-04-05,1.12193,1.1245,1.12101,1.12158,1.12193,1.1221700000000001
2019-04-09,1.126,1.12843,1.12551,1.12631,1.126,1.12661
2019-04-10,1.12621,1.12873,1.12297,1.12745,1.12621,1.12638
2019-04-11,1.12734,1.12875,1.125,1.12544,1.12734,1.1274
2019-04-12,1.1251,1.1324,1.1251,1.12982,1.1251,1.12538
2019-04-15,1.13035,1.1320999999999999,1.12976,1.1304,1.13035,1.13072
2019-04-16,1.13035,1.1313900000000001,1.12797,1.12806,1.13035,1.13042
2019-04-17,1.12797,1.13238,1.12789,1.12989,1.12797,1.12814
2019-04-18,1.12938,1.1304,1.12262,1.12299,1.12938,1.12986
2019-04-19,1.12283,1.12476,1.1227,1.12409,1.12283,1.12324
2019-04-22,1.12398,1.12622,1.12359,1.12572,1.12398,1.12497
2019-04-23,1.12568,1.12613,1.11924,1.12275,1.12568,1.12575
2019-04-24,1.1226099999999999,1.12263,1.11407,1.11521,1.1226099999999999,1.12273
2019-04-25,1.1154,1.11626,1.1118,1.11327,1.1154,1.11576
2019-04-26,1.11283,1.1174,1.11125,1.11449,1.11283,1.11342
2019-04-29,1.11448,1.11868,1.11447,1.11847,1.11448,1.11482
2019-04-30,1.11852,1.1229,1.11758,1.12153,1.11852,1.11872
2019-05-01,1.12137,1.12646,1.11872,1.11947,1.12137,1.12158
2019-05-02,1.11948,1.12191,1.11707,1.11716,1.11948,1.11968
2019-05-03,1.11712,1.12048,1.1135,1.12026,1.11712,1.11723
2019-05-06,1.11709,1.12092,1.11659,1.11989,1.11709,1.11809
2019-05-07,1.11994,1.12178,1.11666,1.11919,1.11994,1.12001
2019-05-08,1.11898,1.12138,1.11828,1.1192,1.11898,1.11922
2019-05-09,1.11915,1.1251,1.11735,1.12121,1.11915,1.11922
2019-05-10,1.12134,1.12536,1.12113,1.1234,1.12134,1.12172
2019-05-13,1.12298,1.12636,1.12231,1.12246,1.12298,1.12397
2019-05-14,1.12209,1.12441,1.12012,1.1204,1.12209,1.12222
2019-05-15,1.12033,1.12248,1.11781,1.12018,1.12033,1.12052
2019-05-16,1.12016,1.12241,1.11663,1.11727,1.12016,1.12024
2019-05-17,1.11732,1.11844,1.11552,1.11573,1.11732,1.11752
2019-05-20,1.11598,1.11748,1.11507,1.11655,1.11598,1.11611
2019-05-21,1.11651,1.11881,1.1142,1.11616,1.11651,1.11682
2019-05-22,1.11586,1.11802,1.11487,1.11503,1.11586,1.11614
2019-05-23,1.11502,1.11875,1.11071,1.1182,1.11502,1.11509
2019-05-24,1.11812,1.12122,1.11726,1.12051,1.11812,1.11828
2019-05-27,1.1209,1.12151,1.11871,1.11925,1.1209,1.12102
2019-05-28,1.11923,1.11985,1.11593,1.11601,1.11923,1.11963
2019-05-29,1.11601,1.11725,1.11244,1.1131,1.11601,1.1160700000000001
2019-05-30,1.11303,1.1143399999999999,1.11161,1.11294,1.11303,1.11313
2019-05-31,1.11288,1.11798,1.11252,1.11691,1.11288,1.11293
2019-06-03,1.11598,1.1262,1.11598,1.12412,1.11598,1.11712
2019-06-04,1.12402,1.1277300000000001,1.12265,1.12518,1.12402,1.12413
2019-06-05,1.12513,1.13068,1.12198,1.12203,1.12513,1.12521
2019-06-06,1.12204,1.1309,1.12026,1.12754,1.12204,1.12211
2019-06-07,1.12752,1.13477,1.12513,1.13326,1.12752,1.12759
2019-06-10,1.1322,1.13304,1.12904,1.13117,1.1322,1.13248
2019-06-11,1.13112,1.13376,1.13014,1.13257,1.13112,1.13118
2019-06-12,1.13256,1.13435,1.12826,1.1287099999999999,1.13256,1.13263
2019-06-13,1.12868,1.13038,1.12686,1.12766,1.12868,1.12872
2019-06-14,1.12763,1.12892,1.12026,1.12112,1.12763,1.12767
2019-06-17,1.12094,1.12471,1.12037,1.12177,1.12094,1.12121
2019-06-18,1.12178,1.12428,1.11813,1.11941,1.12178,1.12189
2019-06-19,1.11929,1.12543,1.11872,1.12263,1.11929,1.11941
2019-06-20,1.1226099999999999,1.13174,1.12257,1.12913,1.1226099999999999,1.12268
2019-06-21,1.12918,1.13778,1.12831,1.1369,1.12918,1.12935
2019-06-24,1.13699,1.14041,1.13658,1.13984,1.13699,1.1374
2019-06-25,1.13979,1.1412200000000001,1.13443,1.13668,1.13979,1.13994
2019-06-26,1.13662,1.13913,1.13475,1.13685,1.13662,1.13669
2019-06-27,1.13679,1.13816,1.13479,1.13693,1.13679,1.13708
2019-06-28,1.1369,1.13935,1.13507,1.13697,1.1369,1.1369799999999999
2019-07-01,1.13595,1.13712,1.12811,1.12851,1.13595,1.13611
2019-07-02,1.12849,1.13212,1.12752,1.12862,1.12849,1.12857
2019-07-03,1.1284,1.1311499999999999,1.12685,1.12778,1.1284,1.12848
2019-07-04,1.12776,1.12951,1.12732,1.12843,1.12776,1.12788
2019-07-05,1.12838,1.12877,1.12074,1.12254,1.12838,1.12853
2019-07-08,1.12221,1.12344,1.1207,1.12143,1.12221,1.12298
2019-07-09,1.1214,1.12188,1.11934,1.12075,1.1214,1.12144
2019-07-10,1.12076,1.12644,1.12018,1.12504,1.12076,1.12081
2019-07-11,1.12506,1.12858,1.12452,1.12546,1.12506,1.12512
2019-07-12,1.12533,1.1274899999999999,1.12382,1.12707,1.12533,1.12542
2019-07-15,1.12662,1.12839,1.1253199999999999,1.12578,1.12662,1.12751
2019-07-16,1.12574,1.12635,1.12019,1.12094,1.12574,1.12579
2019-07-17,1.12098,1.12336,1.11998,1.12251,1.12098,1.12102
2019-07-18,1.12239,1.12805,1.12053,1.12772,1.12239,1.12245
2019-07-19,1.12766,1.1282,1.1203400000000001,1.12219,1.12766,1.12775
2019-07-22,1.12149,1.12254,1.12063,1.12088,1.12149,1.12206
2019-07-23,1.12085,1.12096,1.11459,1.11511,1.12085,1.12093
2019-07-24,1.11519,1.11559,1.1127,1.11394,1.11519,1.11524
2019-07-25,1.11403,1.11878,1.11014,1.11466,1.11403,1.11405
2019-07-26,1.1147,1.1151,1.11121,1.11283,1.1147,1.11476
2019-07-29,1.11238,1.1151,1.1113,1.11452,1.11238,1.11311
2019-07-30,1.11448,1.1161,1.11322,1.11558,1.11448,1.11452
2019-07-31,1.1154,1.11622,1.10602,1.10765,1.1154,1.11557
2019-08-01,1.10747,1.10959,1.10269,1.10849,1.10747,1.1076
2019-08-02,1.10848,1.11164,1.10697,1.11055,1.10848,1.10858
2019-08-05,1.11039,1.12132,1.10983,1.12029,1.11039,1.11086
2019-08-06,1.1203,1.12497,1.11676,1.1201699999999999,1.1203,1.12035
2019-08-07,1.11969,1.12419,1.11792,1.11994,1.11969,1.11999
2019-08-08,1.12005,1.12327,1.1177,1.11796,1.12005,1.12012
2019-08-09,1.11797,1.12231,1.11783,1.12009,1.11797,1.11804
2019-08-12,1.11978,1.12307,1.11621,1.12136,1.11978,1.11993
2019-08-13,1.12131,1.12286,1.11701,1.11711,1.12131,1.12138
2019-08-14,1.11706,1.11908,1.11306,1.11385,1.11706,1.11712
2019-08-16,1.11066,1.11122,1.10663,1.10897,1.11066,1.1107
2019-08-19,1.10919,1.11138,1.10762,1.10781,1.10919,1.10952
2019-08-20,1.10777,1.11068,1.10657,1.11005,1.10777,1.10785
2019-08-21,1.10994,1.11072,1.10807,1.10845,1.10994,1.10999
2019-08-22,1.10843,1.11134,1.10637,1.10793,1.10843,1.10849
2019-08-23,1.1078999999999999,1.11533,1.10518,1.11427,1.1078999999999999,1.10797
2019-08-26,1.11498,1.11639,1.10942,1.10993,1.11498,1.11523
2019-08-27,1.11009,1.11159,1.10857,1.1090200000000001,1.11009,1.11021
2019-08-28,1.10898,1.10979,1.10733,1.10779,1.10898,1.10904
2019-08-29,1.10772,1.1093,1.1042,1.10565,1.10772,1.10783
2019-08-30,1.10564,1.10604,1.09633,1.09903,1.10564,1.1057
2019-09-02,1.09889,1.09967,1.09581,1.09666,1.09889,1.09912
2019-09-03,1.09664,1.09789,1.09264,1.09735,1.09664,1.09726
2019-09-04,1.0974,1.10386,1.09686,1.10345,1.0974,1.09759
2019-09-05,1.10356,1.10848,1.10168,1.10344,1.10356,1.10361
2019-09-06,1.10345,1.10574,1.10204,1.10253,1.10345,1.10349
2019-09-09,1.10228,1.10681,1.10155,1.10462,1.10228,1.10281
2019-09-10,1.10472,1.10596,1.10306,1.10426,1.10472,1.10477
2019-09-11,1.10431,1.10556,1.09853,1.10105,1.10431,1.10436
2019-09-12,1.10103,1.10873,1.09269,1.10638,1.10103,1.10107
2019-09-13,1.10642,1.11096,1.10554,1.1072,1.10642,1.10652
2019-09-16,1.10731,1.10865,1.09935,1.1004,1.10731,1.10757
2019-09-17,1.09978,1.10746,1.09904,1.10721,1.09978,1.10026
2019-09-18,1.10721,1.10757,1.10138,1.10293,1.10721,1.10734
2019-09-19,1.10295,1.10736,1.1023,1.10407,1.10295,1.10301
2019-09-20,1.10408,1.10677,1.09964,1.10196,1.10408,1.1041
2019-09-23,1.10113,1.10254,1.09662,1.0993,1.10113,1.10246
2019-09-24,1.09932,1.10241,1.09838,1.10202,1.09932,1.09937
2019-09-25,1.10196,1.1023,1.09375,1.09427,1.10196,1.10201
2019-09-26,1.09426,1.09674,1.09087,1.09198,1.09426,1.09439
2019-09-27,1.09212,1.09587,1.09046,1.09416,1.09212,1.09224
2019-09-30,1.09418,1.09478,1.08847,1.08994,1.09418,1.09442
2019-10-01,1.08964,1.0943,1.08792,1.0931899999999999,1.08964,1.08986
2019-10-02,1.09318,1.09637,1.09042,1.09592,1.09318,1.09336
2019-10-03,1.09591,1.09994,1.09411,1.09636,1.09591,1.09595
2019-10-04,1.09634,1.09972,1.09569,1.09783,1.09634,1.09654
2019-10-07,1.0979700000000001,1.10006,1.0962,1.09705,1.0979700000000001,1.09834
2019-10-08,1.09702,1.09958,1.0941,1.09558,1.09702,1.09712
2019-10-09,1.09565,1.09904,1.09504,1.0971,1.09565,1.09575
2019-10-10,1.09709,1.10338,1.09705,1.10058,1.09709,1.09715
2019-10-11,1.10054,1.10628,1.10009,1.10353,1.10054,1.10058
2019-10-14,1.10315,1.10428,1.10128,1.1026,1.10315,1.10401
2019-10-15,1.10271,1.1046,1.09913,1.10323,1.10271,1.10292
2019-10-16,1.10328,1.10856,1.10226,1.10719,1.10328,1.10332
2019-10-17,1.10715,1.11398,1.10651,1.11243,1.10715,1.1072
2019-10-18,1.11238,1.1171,1.11147,1.11682,1.11238,1.11246
2019-10-21,1.1160700000000001,1.11795,1.11387,1.11498,1.1160700000000001,1.11622
2019-10-22,1.11493,1.11568,1.11178,1.11248,1.11493,1.11497
2019-10-23,1.11248,1.114,1.11062,1.11302,1.11248,1.11253
2019-10-24,1.11305,1.11628,1.10932,1.1105,1.11305,1.11311
2019-10-25,1.11038,1.1123,1.10732,1.108,1.11038,1.11042
2019-10-28,1.10795,1.11066,1.10756,1.10998,1.10795,1.1082
2019-10-29,1.10996,1.11185,1.10736,1.11107,1.10996,1.11001
2019-10-30,1.11119,1.11516,1.108,1.11499,1.11119,1.11124
2019-10-31,1.115,1.11755,1.11314,1.11515,1.115,1.11505
2019-11-01,1.1151200000000001,1.11718,1.11281,1.11651,1.1151200000000001,1.11535
2019-11-04,1.1168,1.11755,1.11249,1.11285,1.1168,1.11717
2019-11-05,1.11281,1.11403,1.10636,1.10739,1.11281,1.11289
2019-11-06,1.10743,1.1093,1.10649,1.10666,1.10743,1.10748
2019-11-07,1.10656,1.10917,1.1036,1.1050200000000001,1.10656,1.10666
2019-11-08,1.10494,1.10556,1.10168,1.10198,1.10494,1.10497
2019-11-11,1.10222,1.1043,1.10164,1.1033,1.10222,1.10257
2019-11-12,1.10327,1.10386,1.10025,1.1009,1.10327,1.10333
2019-11-13,1.10089,1.10204,1.09954,1.1007,1.10089,1.10094
2019-11-14,1.10057,1.10276,1.0989,1.10208,1.10057,1.10067
2019-11-15,1.10227,1.10568,1.1014599999999999,1.10524,1.10227,1.10239
2019-11-18,1.10477,1.109,1.10477,1.10721,1.10477,1.1057
2019-11-19,1.10716,1.1084,1.10628,1.10783,1.10716,1.10725
2019-11-20,1.10782,1.10814,1.1053,1.10725,1.10782,1.10787
2019-11-21,1.10725,1.1097,1.10523,1.10588,1.10725,1.10741
2019-11-22,1.10585,1.10875,1.1014599999999999,1.10196,1.10585,1.10592
2019-11-25,1.10161,1.10322,1.10036,1.10117,1.10161,1.10229
2019-11-26,1.10135,1.10255,1.1007,1.1022,1.10135,1.10155
2019-11-27,1.10198,1.10245,1.09923,1.09988,1.10198,1.10211
2019-11-28,1.09992,1.10179,1.09985,1.10073,1.09992,1.1
2019-11-29,1.10073,1.10282,1.09812,1.10183,1.10073,1.10095
2019-12-02,1.10227,1.10897,1.1003,1.10784,1.10227,1.10248
2019-12-03,1.10787,1.10935,1.1066,1.10818,1.10787,1.10793
2019-12-04,1.10812,1.11162,1.1066799999999999,1.10774,1.10812,1.1082
2019-12-05,1.10773,1.11082,1.10772,1.1104,1.10773,1.10778
2019-12-06,1.11041,1.11097,1.10398,1.10601,1.11041,1.11045
2019-12-09,1.10492,1.1078000000000001,1.10492,1.10641,1.10492,1.10602
2019-12-10,1.10634,1.10978,1.10629,1.10935,1.10634,1.10646
2019-12-11,1.10923,1.11449,1.10704,1.113,1.10923,1.1093
2019-12-12,1.11294,1.11543,1.11031,1.1132,1.11294,1.11299
2019-12-13,1.11285,1.11992,1.11021,1.11187,1.11285,1.11315
2019-12-16,1.11247,1.1158,1.11226,1.1144,1.11247,1.11315
2019-12-17,1.1143,1.11746,1.11293,1.11508,1.1143,1.11444
2019-12-18,1.11509,1.11542,1.11103,1.11134,1.11509,1.11521
2019-12-19,1.11131,1.11443,1.11072,1.11202,1.11131,1.11141
2019-12-20,1.11218,1.11248,1.10663,1.10764,1.11218,1.11238
2019-12-23,1.10767,1.1096,1.107,1.10895,1.10767,1.10831
2019-12-24,1.10887,1.1094,1.10692,1.10863,1.10887,1.10893
2019-12-26,1.10875,1.1109,1.10824,1.10969,1.10875,1.10901
2019-12-27,1.10975,1.11884,1.10943,1.11763,1.10975,1.10999
2019-12-30,1.11709,1.12208,1.11709,1.11991,1.11709,1.1185100000000001
2020-01-02,1.12119,1.12246,1.11636,1.11726,1.12119,1.12214
2020-01-03,1.11717,1.11798,1.1125,1.11568,1.11717,1.11723
2020-01-06,1.11577,1.12056,1.11572,1.11969,1.11577,1.11696
2020-01-07,1.11954,1.11974,1.11336,1.11518,1.11954,1.11964
2020-01-08,1.11519,1.11682,1.11018,1.11041,1.11519,1.11541
2020-01-09,1.11053,1.11204,1.10923,1.11068,1.11053,1.11058
2020-01-10,1.11057,1.11292,1.1085,1.1121,1.11057,1.11067
2020-01-13,1.11106,1.1147,1.11106,1.11352,1.11106,1.11204
2020-01-14,1.11339,1.11446,1.11044,1.11266,1.11339,1.11345
2020-01-15,1.11276,1.11636,1.11185,1.11498,1.11276,1.11291
2020-01-16,1.1149499999999999,1.11726,1.1128,1.11359,1.1149499999999999,1.115
2020-01-17,1.1136,1.11426,1.10863,1.10895,1.1136,1.11377
2020-01-20,1.10901,1.11023,1.10767,1.1095,1.10901,1.10993
2020-01-21,1.10939,1.1118,1.1081,1.1082,1.10939,1.10955
2020-01-22,1.10818,1.10984,1.10702,1.10943,1.10818,1.10825
2020-01-23,1.10927,1.11087,1.10364,1.10578,1.10927,1.10937
2020-01-24,1.10531,1.10617,1.10198,1.10273,1.10531,1.1055
2020-01-27,1.10302,1.10377,1.10098,1.10195,1.10302,1.10381
2020-01-28,1.10189,1.10252,1.0998,1.10216,1.10189,1.10193
2020-01-29,1.10223,1.10276,1.09924,1.10104,1.10223,1.10227
2020-01-30,1.10093,1.10394,1.10047,1.10314,1.10093,1.10106
2020-01-31,1.10314,1.10954,1.1017,1.10946,1.10314,1.10318
2020-02-03,1.10932,1.10941,1.1037,1.10611,1.10932,1.10969
2020-02-04,1.10583,1.10642,1.10328,1.10445,1.10583,1.10596
2020-02-05,1.1044100000000001,1.10479,1.09936,1.09988,1.1044100000000001,1.10449
2020-02-06,1.09987,1.1014,1.09644,1.09809,1.09987,1.09992
2020-02-07,1.09824,1.0985,1.0942,1.09439,1.09824,1.09849
2020-02-10,1.09444,1.09576,1.09078,1.09106,1.09444,1.09477
2020-02-11,1.09108,1.0925,1.08916,1.09156,1.09108,1.09112
2020-02-12,1.09151,1.09257,1.08653,1.08737,1.09151,1.09157
2020-02-13,1.0873599999999999,1.08888,1.08341,1.08392,1.0873599999999999,1.0875
2020-02-14,1.08409,1.08613,1.08274,1.08302,1.08409,1.08425
2020-02-17,1.08371,1.0851,1.08292,1.08334,1.08371,1.08494
2020-02-18,1.08351,1.08373,1.07856,1.0790899999999999,1.08351,1.08371
2020-02-19,1.0791,1.08117,1.07822,1.08069,1.0791,1.07916
2020-02-20,1.08044,1.08212,1.07778,1.07832,1.08044,1.08063
2020-02-21,1.07846,1.08636,1.07828,1.08478,1.07846,1.0785
2020-02-24,1.08129,1.08721,1.08052,1.08534,1.08129,1.08189
2020-02-25,1.08527,1.08904,1.08302,1.0881,1.08527,1.08533
2020-02-26,1.08811,1.09089,1.08552,1.08804,1.08811,1.08822
2020-02-27,1.08814,1.10066,1.08773,1.09999,1.08814,1.08863
2020-02-28,1.09995,1.10532,1.0951,1.10289,1.09995,1.10002
2020-03-02,1.10428,1.11846,1.1036299999999999,1.11324,1.10428,1.10501
2020-03-03,1.11333,1.12135,1.10954,1.117,1.11333,1.11336
2020-03-04,1.11714,1.11875,1.10955,1.1135,1.11714,1.11744
2020-03-05,1.11332,1.12449,1.11196,1.12369,1.11332,1.11379
2020-03-06,1.12366,1.13548,1.12112,1.1289500000000001,1.12366,1.12417
2020-03-09,1.13469,1.14951,1.13348,1.14353,1.13469,1.13526
2020-03-10,1.14388,1.14581,1.12748,1.12815,1.14388,1.145
2020-03-11,1.12801,1.13668,1.12574,1.12704,1.12801,1.1280999999999999
2020-03-12,1.1268799999999999,1.13336,1.10553,1.11852,1.1268799999999999,1.12702
2020-03-13,1.11846,1.12213,1.10552,1.11002,1.11846,1.11859
2020-03-16,1.10635,1.12365,1.10635,1.11814,1.10635,1.10786
2020-03-17,1.11797,1.11891,1.0955,1.09987,1.11797,1.11846
2020-03-18,1.09965,1.10451,1.08018,1.09166,1.09965,1.0998
2020-03-19,1.09122,1.09812,1.06551,1.0693,1.09122,1.09151
2020-03-20,1.06908,1.08308,1.06378,1.06973,1.06908,1.06926
2020-03-23,1.07015,1.08278,1.06358,1.07241,1.07015,1.07157
2020-03-24,1.07205,1.08882,1.07184,1.07872,1.07205,1.07317
2020-03-25,1.07873,1.08939,1.07605,1.08809,1.07873,1.07893
2020-03-26,1.08826,1.10587,1.08702,1.10331,1.08826,1.0883099999999999
2020-03-27,1.10303,1.11472,1.09536,1.11391,1.10303,1.1031
2020-03-30,1.11167,1.11441,1.101,1.10446,1.11167,1.11226
2020-03-31,1.10398,1.10532,1.09268,1.10357,1.10398,1.10514
2020-04-01,1.10286,1.10388,1.09028,1.09625,1.10286,1.10382
2020-04-02,1.0961400000000001,1.09681,1.08207,1.08569,1.0961400000000001,1.09643
2020-04-03,1.0855299999999999,1.08648,1.07727,1.08075,1.0855299999999999,1.08581
2020-04-06,1.08081,1.08356,1.07685,1.07937,1.08081,1.08169
2020-04-07,1.07931,1.09266,1.07834,1.08921,1.07931,1.07935
2020-04-08,1.08903,1.09023,1.08303,1.08547,1.08903,1.08913
2020-04-09,1.08561,1.0952,1.0841,1.09297,1.08561,1.08591
2020-04-10,1.09291,1.09525,1.09171,1.09306,1.09291,1.09296
2020-04-13,1.09485,1.09678,1.08927,1.09091,1.09485,1.0950199999999999
2020-04-14,1.09055,1.09872,1.09016,1.09818,1.09055,1.09162
2020-04-15,1.09784,1.09908,1.08564,1.09112,1.09784,1.09826
2020-04-16,1.0907499999999999,1.09112,1.08165,1.0839,1.0907499999999999,1.0913599999999999
2020-04-17,1.08382,1.08927,1.0812,1.08712,1.08382,1.08406
2020-04-20,1.0863,1.08968,1.08413,1.08622,1.0863,1.08792
2020-04-21,1.08608,1.08803,1.08165,1.0857,1.08608,1.08637
2020-04-22,1.08563,1.08852,1.08034,1.08231,1.08563,1.086
2020-04-23,1.08226,1.08468,1.0756000000000001,1.07758,1.08226,1.0824
2020-04-24,1.07762,1.08296,1.07272,1.08261,1.07762,1.07798
2020-04-27,1.08212,1.086,1.08114,1.08294,1.08212,1.08243
2020-04-28,1.08285,1.08884,1.08096,1.08197,1.08285,1.08313
2020-04-29,1.0818,1.08856,1.08168,1.08732,1.0818,1.08202
2020-04-30,1.08707,1.09726,1.0833,1.09516,1.08707,1.08797
2020-05-01,1.09532,1.10188,1.09345,1.09806,1.09532,1.0956
2020-05-04,1.09677,1.09737,1.08957,1.09038,1.09677,1.09759
2020-05-05,1.09054,1.09259,1.08259,1.08375,1.09054,1.09087
2020-05-06,1.08376,1.0845,1.0782,1.07959,1.08376,1.08435
2020-05-07,1.07925,1.0834,1.07666,1.08318,1.07925,1.07955
2020-05-08,1.08334,1.08756,1.08151,1.08384,1.08334,1.0835
2020-05-11,1.08282,1.08506,1.08007,1.08066,1.08282,1.08352
2020-05-12,1.08062,1.08854,1.07845,1.08485,1.08062,1.08088
2020-05-13,1.0847,1.08966,1.08117,1.0819,1.0847,1.08486
2020-05-14,1.08176,1.0824,1.0775,1.08044,1.08176,1.08188
2020-05-15,1.08039,1.08512,1.0789,1.0819,1.08039,1.08078
2020-05-18,1.08078,1.0927,1.0796000000000001,1.09142,1.08078,1.08191
2020-05-19,1.09139,1.0976,1.09022,1.09228,1.09139,1.09179
2020-05-20,1.09216,1.0999,1.09187,1.09781,1.09216,1.09243
2020-05-21,1.09791,1.10083,1.09371,1.09493,1.09791,1.09823
2020-05-22,1.09462,1.09537,1.08854,1.09032,1.09462,1.0954
2020-05-25,1.08956,1.09146,1.08706,1.0897000000000001,1.08956,1.09013
2020-05-26,1.08949,1.0996,1.08913,1.09825,1.08949,1.08989
2020-05-27,1.09817,1.1031,1.0934,1.10093,1.09817,1.09827
2020-05-28,1.10037,1.10936,1.09918,1.10773,1.10037,1.10102
2020-05-29,1.10767,1.1145100000000001,1.1066,1.11007,1.10767,1.10784
2020-06-01,1.11137,1.1154,1.11005,1.11339,1.11137,1.11213
2020-06-02,1.11356,1.1196,1.11152,1.1169,1.11356,1.11365
2020-06-03,1.11692,1.12579,1.11667,1.12337,1.11692,1.11713
2020-06-04,1.12327,1.13623,1.11946,1.13355,1.12327,1.12336
2020-06-05,1.13369,1.13838,1.12784,1.129,1.13369,1.13401
2020-06-08,1.12934,1.1320000000000001,1.12684,1.1294,1.12934,1.1297
2020-06-09,1.12941,1.1364,1.12411,1.1338300000000001,1.12941,1.1295
2020-06-10,1.13395,1.14226,1.13219,1.13757,1.13395,1.13421
2020-06-11,1.13729,1.1403699999999999,1.12888,1.1298,1.13729,1.13754
2020-06-12,1.1294,1.13407,1.12127,1.12596,1.1294,1.12997
2020-06-15,1.12333,1.13325,1.12263,1.13227,1.12333,1.12341
2020-06-16,1.1323699999999999,1.13534,1.1228,1.12636,1.1323699999999999,1.13274
2020-06-17,1.12633,1.1294,1.12068,1.12431,1.12633,1.12639
2020-06-18,1.12439,1.12614,1.11855,1.12046,1.12439,1.12449
2020-06-19,1.12054,1.12542,1.11682,1.11777,1.12054,1.12059
2020-06-22,1.11824,1.12701,1.11686,1.12615,1.11824,1.11892
2020-06-23,1.12579,1.1348799999999999,1.12332,1.13087,1.12579,1.12631
2020-06-24,1.13077,1.13259,1.12484,1.125,1.13077,1.13093
2020-06-25,1.12504,1.12598,1.11905,1.12182,1.12504,1.12516
2020-06-26,1.12166,1.12394,1.11953,1.12185,1.12166,1.12184
2020-06-29,1.12148,1.12879,1.1211,1.12426,1.12148,1.12286
2020-06-30,1.12416,1.12618,1.1191,1.12336,1.12416,1.12421
2020-07-01,1.12339,1.12752,1.11854,1.12512,1.12339,1.12343
2020-07-02,1.12508,1.1302699999999999,1.12234,1.12394,1.12508,1.12525
2020-07-03,1.12392,1.12513,1.12193,1.12474,1.12392,1.12398
2020-07-06,1.12433,1.13456,1.12385,1.13089,1.12433,1.12482
2020-07-07,1.1309,1.13326,1.12588,1.12744,1.1309,1.13096
2020-07-08,1.12727,1.13518,1.12621,1.1329799999999999,1.12727,1.12738
2020-07-09,1.13267,1.13708,1.12804,1.12848,1.13267,1.13306
2020-07-10,1.12812,1.13248,1.1255,1.1299,1.12812,1.12856
2020-07-13,1.13045,1.1374900000000001,1.13008,1.13428,1.13045,1.13081
2020-07-14,1.13435,1.1408800000000001,1.13252,1.13999,1.13435,1.13441
2020-07-15,1.13948,1.14521,1.13894,1.14115,1.13948,1.14011
2020-07-16,1.1411,1.14416,1.13705,1.13822,1.1411,1.14127
2020-07-17,1.13834,1.1443699999999999,1.1375,1.14246,1.13834,1.1384
2020-07-20,1.1406,1.14679,1.14026,1.14478,1.1406,1.14213
2020-07-21,1.14474,1.15398,1.14231,1.15286,1.14474,1.14479
2020-07-22,1.15265,1.16015,1.1507,1.15703,1.15265,1.15272
2020-07-23,1.15702,1.16269,1.15404,1.15971,1.15702,1.15702
2020-07-24,1.15961,1.16583,1.15814,1.16556,1.15961,1.15964
2020-07-27,1.16425,1.17814,1.16404,1.17513,1.16425,1.16451
2020-07-28,1.17513,1.17737,1.16988,1.17169,1.17513,1.1751800000000001
2020-07-29,1.1715,1.18062,1.17103,1.17903,1.1715,1.17164
2020-07-30,1.17908,1.18484,1.17309,1.18468,1.17908,1.17915
2020-07-31,1.18471,1.19088,1.17616,1.1773500000000001,1.18471,1.18475
2020-08-03,1.17708,1.17968,1.1696,1.17627,1.17708,1.1775
2020-08-04,1.17617,1.18062,1.1721300000000001,1.18027,1.17617,1.17622
2020-08-05,1.18025,1.1905000000000001,1.1792799999999999,1.18641,1.18025,1.1803
2020-08-06,1.1863,1.1916,1.1818,1.18768,1.1863,1.18635
2020-08-07,1.18762,1.18831,1.17553,1.17868,1.18762,1.18772
2020-08-10,1.17869,1.18008,1.17362,1.17366,1.17869,1.17942
2020-08-11,1.17373,1.18079,1.17222,1.17395,1.17373,1.1739
2020-08-12,1.17399,1.18166,1.17112,1.17854,1.17399,1.1740599999999999
2020-08-13,1.1784,1.18642,1.17763,1.18146,1.1784,1.17848
2020-08-14,1.18129,1.18505,1.17819,1.18404,1.18129,1.18137
2020-08-17,1.18394,1.1881,1.18288,1.18701,1.18394,1.18473
2020-08-18,1.18699,1.19658,1.1855,1.19314,1.18699,1.18709
2020-08-19,1.1931,1.19527,1.18304,1.18392,1.1931,1.19316
2020-08-20,1.18364,1.18687,1.18021,1.18612,1.18364,1.1839
2020-08-21,1.186,1.18829,1.17542,1.17956,1.186,1.18605
2020-08-24,1.17892,1.18497,1.17844,1.17873,1.17892,1.18002
2020-08-25,1.17875,1.18438,1.17843,1.18339,1.17875,1.1788
2020-08-26,1.18342,1.18394,1.17724,1.18303,1.18342,1.18348
2020-08-27,1.183,1.1902,1.17626,1.18217,1.183,1.18309
2020-08-28,1.18216,1.19199,1.1811099999999999,1.19063,1.18216,1.18229
2020-08-31,1.1893799999999999,1.19661,1.1884000000000001,1.19363,1.1893799999999999,1.19127
2020-09-01,1.19361,1.20115,1.19014,1.19118,1.19361,1.1937
2020-09-02,1.19117,1.19288,1.18222,1.18542,1.19117,1.1912099999999999
2020-09-03,1.18545,1.18646,1.1789100000000001,1.18515,1.18545,1.18554
2020-09-04,1.18513,1.18655,1.17809,1.1837900000000001,1.18513,1.18519
2020-09-07,1.18448,1.18487,1.18117,1.18127,1.18448,1.18473
2020-09-08,1.18124,1.18275,1.17656,1.17738,1.18124,1.18203
2020-09-09,1.17733,1.1834,1.17529,1.1803,1.17733,1.17785
2020-09-10,1.18028,1.19174,1.17971,1.18147,1.18028,1.18032
2020-09-11,1.1815,1.18742,1.18097,1.18446,1.1815,1.18155
2020-09-14,1.18347,1.1888,1.18321,1.18638,1.18347,1.18411
2020-09-15,1.18641,1.19006,1.18398,1.18466,1.18641,1.18681
2020-09-16,1.1846700000000001,1.18825,1.17878,1.1816200000000001,1.1846700000000001,1.1847
2020-09-17,1.18157,1.18524,1.17376,1.1847699999999999,1.18157,1.1816200000000001
2020-09-18,1.1847699999999999,1.18706,1.18264,1.18426,1.1847699999999999,1.18486
2020-09-21,1.18398,1.18717,1.17318,1.17714,1.18398,1.1843
2020-09-22,1.17709,1.1773,1.1691799999999999,1.17048,1.17709,1.17715
2020-09-23,1.17074,1.1718899999999999,1.16514,1.1660300000000001,1.17074,1.1708
2020-09-24,1.16601,1.1687,1.16265,1.16682,1.16601,1.16608
2020-09-25,1.16722,1.16851,1.16122,1.16307,1.16722,1.16741
2020-09-28,1.16194,1.16802,1.1615199999999999,1.16668,1.16194,1.16348
2020-09-29,1.16607,1.17455,1.16607,1.17433,1.16607,1.16671
2020-09-30,1.17428,1.1755,1.16848,1.17208,1.17428,1.17442
2020-10-01,1.17194,1.17698,1.17173,1.17456,1.17194,1.1721300000000001
2020-10-02,1.17493,1.17493,1.16958,1.1716199999999999,1.17493,1.17522
2020-10-05,1.17108,1.17976,1.17058,1.17845,1.17108,1.17153
2020-10-06,1.1782,1.18078,1.17319,1.1733500000000001,1.1782,1.17839
2020-10-07,1.17332,1.17819,1.1724999999999999,1.17629,1.17332,1.1734
2020-10-08,1.17602,1.17817,1.17329,1.17601,1.17602,1.1763
2020-10-09,1.17582,1.18309,1.17553,1.18302,1.17582,1.17601
2020-10-12,1.18102,1.18268,1.17869,1.18119,1.18102,1.18152
2020-10-13,1.18109,1.18154,1.17306,1.17455,1.18109,1.18142
2020-10-14,1.17443,1.1771099999999999,1.17199,1.17469,1.17443,1.17477
2020-10-15,1.17452,1.1757900000000001,1.16885,1.17074,1.17452,1.17463
2020-10-16,1.17071,1.17463,1.16942,1.17147,1.17071,1.17083
2020-10-19,1.17158,1.17938,1.17032,1.17709,1.17158,1.17253
2020-10-20,1.1768399999999999,1.18408,1.17599,1.18224,1.1768399999999999,1.17707
2020-10-21,1.18212,1.18808,1.18182,1.18611,1.18212,1.18231
2020-10-22,1.18618,1.18669,1.18113,1.18187,1.18618,1.18637
2020-10-23,1.18173,1.18648,1.17868,1.18614,1.18173,1.18185
2020-10-26,1.18532,1.1859899999999999,1.18034,1.18092,1.18532,1.18582
2020-10-27,1.18081,1.1838899999999999,1.17929,1.17954,1.18081,1.1811
2020-10-28,1.17956,1.17971,1.17179,1.17462,1.17956,1.17961
2020-10-29,1.17459,1.1759,1.16503,1.16731,1.17459,1.17465
2020-10-30,1.16739,1.17044,1.16401,1.16454,1.16739,1.16758
2020-11-02,1.16464,1.16558,1.16223,1.16403,1.16464,1.16536
2020-11-03,1.16406,1.17398,1.16276,1.17202,1.16406,1.16434
2020-11-04,1.1712799999999999,1.17709,1.16029,1.17231,1.1712799999999999,1.1716
2020-11-05,1.17248,1.18598,1.17109,1.18269,1.17248,1.17273
2020-11-06,1.18243,1.18911,1.17954,1.18752,1.18243,1.18296
2020-11-09,1.18893,1.19201,1.17954,1.1813500000000001,1.18893,1.18909
2020-11-10,1.1813,1.18433,1.17799,1.1817199999999999,1.1813,1.18134
2020-11-11,1.1814,1.18327,1.17455,1.17788,1.1814,1.18155
2020-11-12,1.17768,1.18232,1.17586,1.18056,1.17768,1.17775
2020-11-13,1.18047,1.18374,1.1799,1.18325,1.18047,1.1807699999999999
2020-11-16,1.18402,1.18689,1.18143,1.18539,1.18402,1.18447
2020-11-17,1.18505,1.1893799999999999,1.18427,1.18611,1.18505,1.18523
2020-11-18,1.1861,1.18909,1.18492,1.18544,1.1861,1.18626
2020-11-19,1.18525,1.18825,1.18164,1.18735,1.18525,1.18539
2020-11-20,1.18743,1.1891,1.18499,1.1858,1.18743,1.18764
2020-11-23,1.18526,1.19059,1.17999,1.1841,1.18526,1.18591
2020-11-24,1.18405,1.18959,1.18356,1.18927,1.18405,1.18413
2020-11-25,1.18914,1.19298,1.18819,1.19139,1.18914,1.18926
2020-11-26,1.19157,1.19409,1.18853,1.1913,1.19157,1.19197
2020-11-27,1.19126,1.19637,1.19066,1.1960899999999999,1.19126,1.19133
2020-11-30,1.19611,1.20034,1.19239,1.19257,1.19611,1.19637
2020-12-01,1.19256,1.20766,1.19242,1.2072,1.19256,1.19282
2020-12-02,1.20688,1.21185,1.20401,1.21156,1.20688,1.20722
2020-12-03,1.21152,1.21746,1.21012,1.21479,1.21152,1.21157
2020-12-04,1.21437,1.21776,1.21102,1.21209,1.21437,1.21473
2020-12-07,1.21298,1.2166299999999999,1.20786,1.2109,1.21298,1.2134
2020-12-08,1.21091,1.2134,1.20954,1.21046,1.21091,1.21113
2020-12-09,1.21023,1.21473,1.20588,1.20814,1.21023,1.21037
2020-12-10,1.2079900000000001,1.2159,1.20746,1.21416,1.2079900000000001,1.20831
2020-12-11,1.2136,1.21629,1.21054,1.2113800000000001,1.2136,1.21389
2020-12-14,1.21349,1.21768,1.21157,1.21431,1.21349,1.21397
2020-12-15,1.21436,1.2169,1.21215,1.21528,1.21436,1.21445
2020-12-16,1.21497,1.22123,1.21251,1.21994,1.21497,1.21508
2020-12-17,1.21988,1.22728,1.21901,1.22669,1.21988,1.2201
2020-12-18,1.22676,1.22711,1.22256,1.2255,1.22676,1.22685
2020-12-21,1.22199,1.22529,1.21296,1.22431,1.22199,1.22275
2020-12-22,1.2241,1.2257,1.21521,1.21629,1.2241,1.22459
2020-12-23,1.2162,1.22211,1.21539,1.21861,1.2162,1.21633
2020-12-29,1.22163,1.22752,1.2207,1.22498,1.22163,1.22165
2020-12-30,1.22474,1.23101,1.2244,1.22998,1.22474,1.22492
2020-12-31,1.22952,1.23094,1.22151,1.22168,1.22952,1.2301
2021-01-04,1.22393,1.23096,1.22276,1.22521,1.22393,1.22412
2021-01-05,1.22484,1.23058,1.22434,1.22986,1.22484,1.22493
2021-01-06,1.2294100000000001,1.23495,1.22657,1.23263,1.2294100000000001,1.22987
2021-01-07,1.23252,1.23444,1.22452,1.22693,1.23252,1.23277
2021-01-08,1.22711,1.22847,1.21932,1.22193,1.22711,1.2274
2021-01-11,1.22155,1.22212,1.21323,1.21502,1.22155,1.22251
2021-01-12,1.21512,1.22096,1.21372,1.22077,1.21512,1.21529
2021-01-13,1.22062,1.22228,1.21399,1.21578,1.22062,1.22081
2021-01-14,1.21569,1.21788,1.21111,1.21545,1.21569,1.21579
2021-01-15,1.21523,1.2162600000000001,1.20749,1.20757,1.21523,1.21572
2021-01-18,1.20822,1.20869,1.20536,1.20759,1.20822,1.20877
2021-01-19,1.2074799999999999,1.21451,1.20741,1.21286,1.2074799999999999,1.20798
2021-01-20,1.2128700000000001,1.21583,1.20769,1.21057,1.2128700000000001,1.21289
2021-01-21,1.21061,1.21732,1.21033,1.21679,1.21061,1.21076
2021-01-22,1.21609,1.21897,1.21517,1.21713,1.21609,1.21655
2021-01-25,1.21668,1.21834,1.2116,1.21415,1.21668,1.21771
2021-01-26,1.21384,1.21759,1.21078,1.21598,1.21384,1.21401
2021-01-27,1.21599,1.21698,1.20584,1.21121,1.21599,1.21604
2021-01-28,1.21099,1.2142,1.20807,1.21222,1.21099,1.21123
2021-01-29,1.21192,1.2156,1.20945,1.21367,1.21192,1.21253
2021-02-01,1.2128,1.21366,1.20562,1.20609,1.2128,1.21342
2021-02-02,1.20593,1.20878,1.20117,1.20431,1.20593,1.20601
2021-02-03,1.2043300000000001,1.20502,1.20042,1.20353,1.2043300000000001,1.20441
2021-02-04,1.20358,1.20429,1.19577,1.19611,1.20358,1.20359
2021-02-05,1.1960899999999999,1.205,1.19522,1.20489,1.1960899999999999,1.19669
2021-02-08,1.20374,1.2066,1.20198,1.20499,1.20374,1.20402
2021-02-09,1.2043,1.21219,1.2043,1.21197,1.2043,1.20538
2021-02-10,1.21182,1.21442,1.21088,1.21183,1.21182,1.21195
2021-02-11,1.21178,1.21495,1.21136,1.21317,1.21178,1.21184
2021-02-12,1.21288,1.21344,1.20816,1.21182,1.21288,1.21304
2021-02-15,1.21242,1.21451,1.21167,1.21271,1.21242,1.21261
2021-02-16,1.21274,1.21694,1.2095,1.21034,1.21274,1.21316
2021-02-17,1.21066,1.21075,1.20233,1.20417,1.21066,1.2107
2021-02-18,1.2031100000000001,1.20946,1.2031100000000001,1.20933,1.2031100000000001,1.2042
2021-02-19,1.2089699999999999,1.21445,1.20824,1.21172,1.2089699999999999,1.20928
2021-02-22,1.21124,1.21694,1.20914,1.21581,1.21124,1.21222
2021-02-23,1.2154099999999999,1.21802,1.21354,1.21496,1.2154099999999999,1.2159
2021-02-24,1.21494,1.21747,1.21093,1.21684,1.21494,1.215
2021-02-25,1.21632,1.2242899999999999,1.21562,1.21774,1.21632,1.21669
2021-02-26,1.21707,1.21835,1.20623,1.20736,1.21707,1.2176
2021-03-01,1.207,1.21012,1.20276,1.20484,1.207,1.20745
2021-03-02,1.20488,1.20944,1.19918,1.20905,1.20488,1.20496
2021-03-03,1.20906,1.21132,1.20426,1.20623,1.20906,1.20912
2021-03-04,1.20628,1.20663,1.19616,1.19721,1.20628,1.20636
2021-03-05,1.19647,1.19767,1.1892800000000001,1.19102,1.19647,1.19729
2021-03-08,1.19169,1.19323,1.18442,1.18465,1.19169,1.19207
2021-03-09,1.18466,1.19159,1.18356,1.19008,1.18466,1.18481
2021-03-10,1.19001,1.19298,1.18689,1.19291,1.19001,1.19009
2021-03-11,1.19286,1.199,1.19157,1.19852,1.19286,1.19293
2021-03-12,1.19856,1.19885,1.19101,1.19518,1.19856,1.19871
2021-03-15,1.19433,1.19675,1.19112,1.19298,1.19433,1.19531
2021-03-16,1.19272,1.19518,1.18822,1.19024,1.19272,1.19306
2021-03-17,1.19021,1.19854,1.18862,1.1979899999999999,1.19021,1.19026
2021-03-18,1.19785,1.19889,1.19061,1.19158,1.19785,1.19794
2021-03-19,1.19136,1.19372,1.1874,1.19061,1.19136,1.19171
2021-03-22,1.18716,1.19468,1.18709,1.19327,1.18716,1.18802
2021-03-23,1.19322,1.19408,1.18422,1.18503,1.19322,1.19327
2021-03-24,1.18491,1.18531,1.18097,1.18118,1.18491,1.18496
2021-03-25,1.18127,1.18278,1.17619,1.17641,1.18127,1.18133
2021-03-26,1.1764000000000001,1.1804999999999999,1.17634,1.17929,1.1764000000000001,1.17644
2021-03-29,1.17908,1.17938,1.17606,1.17652,1.17908,1.17951
2021-03-30,1.17645,1.17738,1.17113,1.17158,1.17645,1.17645
2021-03-31,1.17166,1.17598,1.17041,1.173,1.17166,1.17174
2021-04-01,1.17303,1.178,1.17126,1.17776,1.17303,1.17311
2021-04-02,1.1776200000000001,1.1786699999999999,1.1749,1.1762299999999999,1.1776200000000001,1.17767
2021-04-05,1.17548,1.18195,1.17379,1.18124,1.17548,1.17608
2021-04-06,1.18121,1.18777,1.17969,1.18762,1.18121,1.18127
2021-04-07,1.18748,1.19148,1.18609,1.18717,1.18748,1.18764
2021-04-08,1.18636,1.19274,1.18608,1.19162,1.18636,1.1871800000000001
2021-04-09,1.1913,1.19201,1.18671,1.19012,1.1913,1.19144
2021-04-12,1.18898,1.19192,1.18712,1.19115,1.18898,1.18927
2021-04-13,1.19102,1.19559,1.18781,1.19489,1.19102,1.19109
2021-04-14,1.19485,1.19874,1.19454,1.19792,1.19485,1.19489
2021-04-15,1.1979899999999999,1.19934,1.19561,1.19663,1.1979899999999999,1.19813
2021-04-16,1.19616,1.1994799999999999,1.19505,1.19822,1.19616,1.19719
2021-04-19,1.19718,1.20479,1.19425,1.20368,1.19718,1.19747
2021-04-20,1.2037,1.20798,1.20223,1.20366,1.2037,1.2039900000000001
2021-04-21,1.20354,1.20437,1.19985,1.20355,1.20354,1.20361
2021-04-22,1.20346,1.20695,1.19936,1.2016,1.20346,1.20355
2021-04-23,1.20146,1.21,1.20128,1.20975,1.20146,1.20153
2021-04-26,1.20911,1.21169,1.20612,1.2086000000000001,1.20911,1.20947
2021-04-27,1.20813,1.20929,1.20568,1.20916,1.20813,1.20879
2021-04-28,1.20889,1.2134800000000001,1.20562,1.21257,1.20889,1.20903
2021-04-29,1.21223,1.215,1.21021,1.2119900000000001,1.21223,1.21298
2021-04-30,1.21161,1.21267,1.20167,1.20215,1.21161,1.21273
2021-05-03,1.20308,1.20759,1.20084,1.20631,1.20308,1.20361
2021-05-04,1.2063,1.2064,1.19991,1.20137,1.2063,1.20656
2021-05-05,1.20126,1.20266,1.19861,1.20054,1.20126,1.20153
2021-05-06,1.2004299999999999,1.20716,1.19932,1.2064,1.2004299999999999,1.20053
2021-05-07,1.20646,1.21714,1.20528,1.21635,1.20646,1.20658
2021-05-10,1.21596,1.21783,1.21278,1.21284,1.21596,1.21703
2021-05-11,1.21272,1.21818,1.21231,1.21482,1.21272,1.21294
2021-05-12,1.21454,1.21522,1.20656,1.20705,1.21454,1.21507
2021-05-13,1.2067700000000001,1.21062,1.20515,1.20788,1.2067700000000001,1.20759
2021-05-14,1.20783,1.21478,1.20709,1.21458,1.20783,1.20845
2021-05-17,1.2147999999999999,1.21688,1.21261,1.21518,1.2147999999999999,1.21483
2021-05-18,1.2151399999999999,1.22338,1.21492,1.22233,1.2151399999999999,1.21517
2021-05-19,1.22226,1.2245300000000001,1.216,1.2176,1.22226,1.22229
2021-05-21,1.2227999999999999,1.22398,1.21608,1.21803,1.2227999999999999,1.22283
2021-05-25,1.22136,1.22664,1.22098,1.2252,1.22136,1.22139
2021-05-26,1.22502,1.2263,1.2182,1.21925,1.22502,1.22505
2021-05-27,1.2192,1.2215,1.21752,1.21945,1.2192,1.2192
2021-05-28,1.21936,1.2205,1.21327,1.2193,1.21936,1.21939
2021-05-31,1.22,1.22314,1.21834,1.22268,1.22,1.22003
2021-06-01,1.22268,1.22544,1.22117,1.2214,1.22268,1.22271
2021-06-02,1.2212399999999999,1.22266,1.21642,1.2209699999999999,1.2212399999999999,1.22127
2021-06-03,1.2211400000000001,1.22142,1.21184,1.21271,1.2211400000000001,1.22117
2021-06-04,1.21274,1.21856,1.2104,1.21666,1.21274,1.21277
2021-06-07,1.21623,1.22019,1.21451,1.21895,1.21623,1.2162600000000001
2021-06-08,1.21894,1.21942,1.21643,1.2173,1.21894,1.21897
2021-06-09,1.21728,1.2218,1.21712,1.21792,1.21728,1.21731
2021-06-10,1.21798,1.21946,1.21434,1.21761,1.21798,1.21801
2021-06-11,1.21639,1.2193,1.20926,1.21079,1.21639,1.21751
2021-06-15,1.21197,1.21441,1.21058,1.21255,1.21197,1.212
2021-06-16,1.21263,1.21349,1.19954,1.19957,1.21263,1.21266
2021-06-17,1.19944,1.20064,1.1892,1.19062,1.19944,1.19947
2021-06-18,1.19076,1.1925,1.18475,1.18616,1.19076,1.19076
2021-06-21,1.1857,1.19213,1.18476,1.1918,1.1857,1.18573
2021-06-22,1.19188,1.19526,1.1881,1.19412,1.19188,1.19189
2021-06-23,1.19395,1.197,1.19116,1.1926700000000001,1.19395,1.19398
2021-06-24,1.19257,1.19564,1.19178,1.19315,1.19257,1.1926
2021-06-25,1.19318,1.19753,1.19264,1.19362,1.19318,1.19321
2021-06-28,1.1933799999999999,1.19446,1.19025,1.19242,1.1933799999999999,1.19341
2021-06-29,1.19231,1.19308,1.18777,1.18965,1.19231,1.19311
2021-06-30,1.18968,1.1909,1.18452,1.18577,1.18968,1.18971
2021-07-01,1.18581,1.1884299999999999,1.18375,1.18498,1.18581,1.18584
2021-07-02,1.18504,1.18742,1.18075,1.18664,1.18504,1.18504
2021-07-05,1.18622,1.18805,1.18514,1.1863,1.18622,1.18625
2021-07-06,1.18624,1.1895,1.18072,1.18234,1.18624,1.18627
2021-07-07,1.18234,1.1836,1.17817,1.17907,1.18234,1.18237
2021-07-08,1.17902,1.1868,1.17836,1.18463,1.17902,1.17905
2021-07-09,1.18397,1.1881,1.1825,1.18773,1.18397,1.1848
2021-07-12,1.18699,1.18802,1.18362,1.18602,1.18699,1.18787
2021-07-13,1.18608,1.18753,1.17724,1.17767,1.18608,1.18611
2021-07-14,1.17766,1.1838899999999999,1.17719,1.18363,1.17766,1.17769
2021-07-15,1.1837,1.18508,1.17964,1.1811099999999999,1.1837,1.18373
2021-07-16,1.18142,1.18224,1.17923,1.18053,1.18142,1.18145
2021-07-19,1.1808,1.18245,1.17639,1.1798899999999999,1.1808,1.18083
2021-07-20,1.17961,1.18028,1.17557,1.17805,1.17961,1.18062
2021-07-21,1.17813,1.18048,1.1752,1.17943,1.17813,1.17816
2021-07-22,1.17925,1.18304,1.17574,1.1771,1.17925,1.1792799999999999
2021-07-23,1.17708,1.17866,1.17545,1.17722,1.17708,1.1771
2021-07-26,1.17736,1.18174,1.17634,1.18023,1.17736,1.17739
2021-07-27,1.18032,1.18411,1.17702,1.18163,1.18032,1.18035
2021-07-28,1.18168,1.18496,1.17724,1.18427,1.18168,1.1817
2021-07-29,1.1844000000000001,1.1892800000000001,1.18405,1.18869,1.1844000000000001,1.18443
2021-07-30,1.1887699999999999,1.19086,1.18516,1.18696,1.1887699999999999,1.1888
2021-08-03,1.1869,1.18933,1.18536,1.18651,1.1869,1.18693
2021-08-04,1.18664,1.18997,1.1832799999999999,1.18371,1.18664,1.18667
2021-08-05,1.18367,1.18574,1.18282,1.18319,1.18367,1.1837
2021-08-06,1.18352,1.1836,1.17544,1.17604,1.18352,1.1835499999999999
2021-08-10,1.17364,1.17429,1.171,1.17202,1.17364,1.17367
2021-08-11,1.17206,1.17538,1.1706,1.1739600000000001,1.17206,1.17209
2021-08-12,1.17387,1.17482,1.17238,1.17302,1.17387,1.1739
2021-08-13,1.17295,1.18047,1.17293,1.1795200000000001,1.17295,1.17298
2021-08-16,1.17954,1.1801,1.17675,1.17758,1.17954,1.17957
2021-08-17,1.17788,1.17844,1.17082,1.17083,1.17788,1.17791
2021-08-18,1.17098,1.17426,1.16939,1.1709100000000001,1.17098,1.1710099999999999
2021-08-19,1.17108,1.17166,1.16658,1.16768,1.17108,1.17111
2021-08-20,1.16754,1.17046,1.1663999999999999,1.16999,1.16754,1.16757
2021-08-24,1.17459,1.17651,1.17272,1.17576,1.17459,1.17462
2021-08-25,1.1756,1.1774499999999999,1.17261,1.17727,1.1756,1.17563
2021-08-26,1.17718,1.1779,1.1746,1.17519,1.17718,1.17721
2021-08-27,1.17522,1.18024,1.1735,1.17965,1.17522,1.17523
2021-08-30,1.17958,1.18098,1.17828,1.17969,1.17958,1.17961
2021-08-31,1.17966,1.18452,1.17951,1.18086,1.17966,1.17969
2021-09-01,1.18088,1.18573,1.17937,1.18399,1.18088,1.18091
2021-09-02,1.1839,1.18761,1.1834500000000001,1.18753,1.1839,1.18393
2021-09-03,1.1875,1.1909,1.18656,1.18784,1.1875,1.18753
2021-09-06,1.1882,1.18864,1.18558,1.187,1.1882,1.18823
2021-09-07,1.187,1.18852,1.18374,1.18423,1.187,1.18703
2021-09-08,1.18388,1.18512,1.18022,1.18157,1.18388,1.18391
2021-09-09,1.18158,1.18411,1.18052,1.18238,1.18158,1.18161
2021-09-10,1.18253,1.18512,1.18095,1.18104,1.18253,1.18256
2021-09-13,1.18154,1.18171,1.17702,1.18108,1.18154,1.18157
2021-09-14,1.1811099999999999,1.18458,1.18001,1.1804000000000001,1.1811099999999999,1.18114
2021-09-15,1.1803,1.18319,1.17971,1.18157,1.1803,1.18033
2021-09-16,1.18177,1.1820599999999999,1.17505,1.17686,1.18177,1.1818
2021-09-17,1.17649,1.1789,1.17246,1.1726,1.17649,1.17652
2021-09-20,1.17306,1.17365,1.17002,1.17269,1.17306,1.17309
2021-09-21,1.1724999999999999,1.17488,1.1715,1.17256,1.1724999999999999,1.17253
2021-09-22,1.17252,1.17556,1.16848,1.16886,1.17252,1.17255
2021-09-23,1.16872,1.175,1.16836,1.1739,1.16872,1.1687400000000001
2021-09-24,1.17384,1.17477,1.17007,1.17206,1.17384,1.17387
2021-09-27,1.17258,1.17258,1.1684700000000001,1.1695,1.17258,1.17301
2021-09-28,1.16959,1.17034,1.16683,1.16838,1.16959,1.16961
2021-09-29,1.16832,1.16901,1.15895,1.15973,1.16832,1.16835
2021-09-30,1.15982,1.16098,1.15627,1.15769,1.15982,1.15985
2021-10-01,1.15822,1.16073,1.1562999999999999,1.15932,1.15822,1.15825
2021-10-04,1.1599599999999999,1.16401,1.15877,1.16196,1.1599599999999999,1.15999
2021-10-05,1.16204,1.16221,1.15806,1.15971,1.16204,1.16207
2021-10-06,1.15988,1.16032,1.15292,1.15565,1.15988,1.15991
2021-10-07,1.15563,1.15722,1.15477,1.15533,1.15563,1.15566
2021-10-08,1.15524,1.15859,1.15415,1.15746,1.15524,1.15527
2021-10-11,1.15713,1.15868,1.15492,1.1553499999999999,1.15713,1.15716
2021-10-12,1.15544,1.15703,1.15245,1.15301,1.15544,1.15547
2021-10-13,1.153,1.15973,1.15286,1.1596,1.153,1.15303
2021-10-14,1.15932,1.16244,1.15841,1.15973,1.15932,1.1593499999999999
2021-10-18,1.15909,1.16224,1.15719,1.1610800000000001,1.15909,1.15952
2021-10-19,1.16099,1.16695,1.16085,1.16326,1.16099,1.16126
2021-10-20,1.16326,1.16588,1.1616900000000001,1.16513,1.16326,1.16345
2021-10-21,1.16465,1.16675,1.16198,1.16246,1.16465,1.16515
2021-10-22,1.16222,1.16557,1.16214,1.16441,1.16222,1.16229
2021-10-25,1.16419,1.1665,1.15907,1.16104,1.16419,1.16469
2021-10-26,1.16046,1.16258,1.1585,1.15963,1.16046,1.16094
2021-10-27,1.15956,1.1626,1.15849,1.16028,1.15956,1.15964
2021-10-28,1.16028,1.16922,1.15824,1.16831,1.16028,1.16034
2021-10-29,1.168,1.169,1.1535199999999999,1.15637,1.168,1.1685
2021-11-01,1.15558,1.16092,1.1546,1.16066,1.15558,1.15608
2021-11-02,1.16048,1.16134,1.15753,1.15793,1.16048,1.16061
2021-11-03,1.1579,1.16164,1.15624,1.16127,1.1579,1.15795
2021-11-04,1.16116,1.16165,1.15284,1.15545,1.16116,1.16124
2021-11-05,1.15518,1.15733,1.15134,1.15675,1.15518,1.15547
2021-11-08,1.15602,1.1595,1.15506,1.15873,1.15602,1.15652
2021-11-09,1.15852,1.16089,1.15701,1.15944,1.15852,1.1589800000000001
2021-11-10,1.1592500000000001,1.15953,1.14761,1.14767,1.1592500000000001,1.15938
2021-11-11,1.14783,1.14877,1.1443,1.14493,1.14783,1.14789
2021-11-12,1.145,1.14622,1.1433,1.14438,1.145,1.1452
2021-11-15,1.14459,1.14639,1.13564,1.1367,1.14459,1.14494
2021-11-16,1.13674,1.13858,1.13094,1.13194,1.13674,1.13699
2021-11-17,1.13203,1.13323,1.12635,1.13189,1.13203,1.13214
2021-11-18,1.13191,1.13742,1.13138,1.13729,1.13191,1.13197
2021-11-19,1.13673,1.13727,1.12501,1.1282,1.13673,1.13716
2021-11-22,1.12911,1.12911,1.12308,1.12338,1.12911,1.12961
2021-11-23,1.12372,1.12752,1.1226099999999999,1.1249,1.12372,1.12381
2021-11-24,1.1248,1.12553,1.11864,1.12006,1.1248,1.12486
2021-11-25,1.11966,1.12298,1.1195599999999999,1.12087,1.11966,1.12016
2021-11-26,1.12058,1.13308,1.12042,1.13087,1.12058,1.12101
2021-11-29,1.13014,1.13124,1.12584,1.12918,1.13014,1.13064
2021-11-30,1.1290499999999999,1.13829,1.12354,1.13386,1.1290499999999999,1.12942
2021-12-01,1.13348,1.13597,1.13026,1.13191,1.13348,1.13398
2021-12-02,1.13183,1.1347800000000001,1.12953,1.13016,1.13183,1.13201
2021-12-03,1.13007,1.13333,1.12667,1.131,1.13007,1.13013
2021-12-07,1.1284399999999999,1.12986,1.12274,1.12684,1.1284399999999999,1.12875
2021-12-09,1.13404,1.1345399999999999,1.12785,1.12928,1.13404,1.13447
2021-12-10,1.1293,1.13241,1.12653,1.13168,1.1293,1.12938
2021-12-14,1.12835,1.13238,1.12538,1.12581,1.12835,1.12853
2021-12-15,1.12589,1.12992,1.12219,1.12942,1.12589,1.12596
2021-12-16,1.12864,1.13604,1.12814,1.13306,1.12864,1.12914
2021-12-17,1.13299,1.1349,1.1235,1.12353,1.13299,1.13303
2021-12-20,1.12392,1.13038,1.12348,1.12768,1.12392,1.12442
2021-12-22,1.12872,1.13424,1.12645,1.13272,1.12872,1.12878
2021-12-23,1.13262,1.13423,1.12902,1.13264,1.13262,1.13265
2021-12-28,1.1327099999999999,1.13334,1.12896,1.13085,1.1327099999999999,1.1329799999999999
2021-12-29,1.13086,1.1368800000000001,1.12738,1.13473,1.13086,1.13124
2021-12-30,1.13471,1.13598,1.12986,1.13257,1.13471,1.13511
2022-01-04,1.12959,1.13225,1.12723,1.12874,1.12959,1.12996
2022-01-05,1.12855,1.13465,1.1277,1.13127,1.12855,1.12873
2022-01-06,1.13127,1.13319,1.12847,1.12984,1.13127,1.13156
2022-01-07,1.1296599999999999,1.13648,1.12901,1.13613,1.1296599999999999,1.1299
2022-01-10,1.13518,1.13609,1.12852,1.13283,1.13518,1.13568
2022-01-11,1.13228,1.13751,1.1313,1.13652,1.13228,1.13278
2022-01-12,1.13655,1.14528,1.13548,1.14414,1.13647,1.13697
2022-01-13,1.1442,1.14816,1.14359,1.14545,1.1442,1.14428
2022-01-14,1.14547,1.14829,1.13986,1.14164,1.14547,1.1454900000000001
2022-01-17,1.14135,1.14344,1.13919,1.14062,1.14135,1.14185
2022-01-19,1.1320999999999999,1.13572,1.1319,1.13422,1.1320999999999999,1.1326
2022-01-20,1.13412,1.1369,1.13032,1.13106,1.13412,1.13429
2022-01-21,1.13114,1.13599,1.13009,1.13427,1.13114,1.13121
2022-01-25,1.13244,1.13292,1.12633,1.13016,1.13244,1.13287
2022-01-26,1.13015,1.13108,1.12356,1.12416,1.13015,1.13015
2022-01-27,1.12375,1.12435,1.1132,1.11446,1.12375,1.12424
2022-01-31,1.1143,1.12478,1.11385,1.1233,1.1143,1.1148
2022-02-01,1.12338,1.12788,1.1221,1.12738,1.12338,1.12387
2022-02-02,1.12677,1.13301,1.12667,1.13045,1.12677,1.12725
2022-02-03,1.13024,1.1451500000000001,1.12674,1.14389,1.13024,1.13071
2022-02-04,1.14361,1.14839,1.14117,1.14496,1.14361,1.14411
2022-02-07,1.1463,1.14635,1.14151,1.14416,1.1463,1.14668
2022-02-08,1.14419,1.1448800000000001,1.13963,1.1417,1.14419,1.14428
2022-02-09,1.1414900000000001,1.14479,1.14026,1.14225,1.1414900000000001,1.1417
2022-02-10,1.14236,1.1494900000000001,1.1374900000000001,1.1428,1.14236,1.14286
2022-02-11,1.14279,1.143,1.1329799999999999,1.13466,1.14279,1.14283
2022-02-14,1.13336,1.13691,1.12801,1.13064,1.13336,1.13386
2022-02-15,1.13064,1.13684,1.12979,1.13578,1.13064,1.13071
2022-02-16,1.13585,1.1396,1.1345,1.13733,1.13585,1.13597
2022-02-17,1.13723,1.1386,1.13233,1.13618,1.13723,1.13736
2022-02-18,1.13595,1.13769,1.13148,1.13229,1.13595,1.13625
2022-02-21,1.13172,1.13904,1.13068,1.13101,1.13172,1.13222
2022-02-22,1.13116,1.13668,1.1288,1.13253,1.13116,1.13166
2022-02-23,1.13245,1.1359,1.13013,1.13047,1.13245,1.13286
2022-02-25,1.119,1.12741,1.1166,1.12718,1.119,1.11929
2022-02-28,1.11255,1.12466,1.11247,1.12191,1.11255,1.11285
2022-03-01,1.12182,1.12332,1.10897,1.11236,1.12182,1.12186
2022-03-03,1.11167,1.11217,1.10338,1.10659,1.11167,1.11174
2022-03-04,1.10662,1.10679,1.08854,1.09334,1.10662,1.1067
2022-03-08,1.0854,1.09583,1.08481,1.08964,1.0854,1.08557
2022-03-09,1.08973,1.10952,1.08901,1.10754,1.08973,1.09023
2022-03-10,1.10752,1.11214,1.09763,1.09888,1.10752,1.10776
2022-03-11,1.09814,1.10436,1.0902,1.09123,1.09814,1.09864
2022-03-14,1.09216,1.0994,1.09008,1.09403,1.09216,1.09266
2022-03-15,1.09406,1.10199,1.09261,1.09542,1.09406,1.0941
2022-03-16,1.09536,1.10467,1.0948,1.10345,1.09536,1.0956
2022-03-17,1.10348,1.11376,1.10079,1.10911,1.10348,1.10366
2022-03-18,1.10906,1.11185,1.10032,1.10507,1.10906,1.10911
2022-03-21,1.10562,1.10701,1.10103,1.10168,1.10562,1.10612
2022-03-22,1.10161,1.10458,1.0961,1.10245,1.10161,1.10173
2022-03-23,1.10233,1.1044100000000001,1.0964,1.10057,1.10233,1.10283
2022-03-24,1.10029,1.1014,1.0966,1.0997,1.10029,1.10061
2022-03-25,1.09964,1.10378,1.0981,1.09834,1.09964,1.09986
2022-03-28,1.09849,1.09996,1.09448,1.09864,1.09849,1.0989
2022-03-30,1.10864,1.11712,1.10806,1.1158,1.10864,1.10869
2022-03-31,1.11576,1.11849,1.1061,1.10662,1.11576,1.11591
2022-04-01,1.10669,1.10764,1.10281,1.10488,1.10669,1.10675
2022-04-04,1.10321,1.10545,1.09607,1.09722,1.10321,1.10371
2022-04-05,1.09716,1.09887,1.09,1.09057,1.09716,1.09766
2022-04-06,1.09047,1.0937999999999999,1.08746,1.08964,1.09047,1.09054
2022-04-07,1.08927,1.09385,1.08648,1.08801,1.08927,1.08977
2022-04-08,1.08764,1.08918,1.08364,1.08765,1.08764,1.0878700000000001
2022-04-11,1.092,1.09333,1.08728,1.08835,1.092,1.09237
2022-04-12,1.08832,1.09037,1.08214,1.0826,1.08832,1.08839
2022-04-13,1.08276,1.08943,1.08089,1.08917,1.08276,1.0832600000000001
2022-04-15,1.08278,1.08302,1.07965,1.0809,1.08278,1.08293
2022-04-18,1.08035,1.08217,1.077,1.07809,1.08035,1.08066
2022-04-19,1.07823,1.08146,1.07613,1.0789,1.07823,1.07846
2022-04-20,1.07874,1.0867,1.0783,1.0854300000000001,1.07874,1.0788
2022-04-21,1.0847,1.09363,1.08237,1.08321,1.0847,1.0852
2022-04-22,1.0836999999999999,1.08516,1.07708,1.07969,1.0836999999999999,1.0842
2022-04-26,1.07126,1.07387,1.06359,1.06373,1.07126,1.07145
2022-04-27,1.06376,1.06548,1.05146,1.05586,1.06376,1.06381
2022-04-28,1.05538,1.05648,1.04714,1.04983,1.05538,1.05588
2022-04-29,1.04977,1.05929,1.04912,1.05427,1.04977,1.04989
2022-05-04,1.05194,1.06311,1.0506199999999999,1.06193,1.05194,1.05233
2022-05-05,1.06199,1.0642,1.04928,1.05392,1.06199,1.06249
2022-05-06,1.05394,1.0599,1.04828,1.05446,1.05394,1.05444
2022-05-11,1.05266,1.05772,1.0502,1.05138,1.05266,1.05271
2022-05-12,1.05132,1.05294,1.03542,1.03795,1.05132,1.05137
2022-05-13,1.03794,1.04198,1.03495,1.04074,1.03794,1.03799
2022-05-18,1.05486,1.05639,1.04604,1.04608,1.05486,1.0549
2022-05-19,1.04636,1.06072,1.0461,1.05834,1.04636,1.0464
2022-05-24,1.06898,1.07486,1.06609,1.07359,1.06898,1.06902
2022-05-25,1.07366,1.07391,1.06423,1.06786,1.07366,1.07369
2022-05-30,1.07332,1.0787,1.07251,1.07798,1.07332,1.07382
2022-05-31,1.07788,1.07794,1.06791,1.07324,1.07788,1.07791
2022-06-01,1.07351,1.07394,1.06274,1.06527,1.07351,1.07354
2022-06-02,1.06481,1.07502,1.06447,1.07462,1.06481,1.06484
2022-06-03,1.07461,1.07642,1.07043,1.07188,1.07461,1.07464
2022-06-07,1.06956,1.07144,1.06521,1.07049,1.06956,1.06959
